name,post_count
breasts,3359150
large_breasts,1542885
medium_breasts,872234
ass,580273
nude,483298
small_breasts,482220
penis,399143
glasses,357750
pussy,354736
sex,259928
cum,242193
hololive,209309
huge_breasts,202878
vaginal,191071
completely_nude,177278
loli,143549
uncensored,130572
facial_hair,121340
anus,113107
pussy_juice,106739
cum_in_pussy,99949
embarrassed,94955
facial_mark,94662
erection,93930
cum_on_body,92640
sunglasses,91588
pectorals,90925
ass_visible_through_thighs,88945
floral_print,87134
testicles,85798
oral,78991
grass,74151
fellatio,65503
sex_from_behind,64719
tassel,63458
hololive_english,63062
breasts_out,62155
group_sex,56335
anal,50834
sex_toy,50565
large_pectorals,49459
ejaculation,48877
between_breasts,48581
facial,45415
breasts_apart,44645
cropped_torso,41151
paizuri,40829
cum_on_breasts,40092
drinking_glass,39237
clothed_female_nude_male,37269
after_sex,36827
idolmaster_(classic),36300
clothed_sex,36116
futanari,32696
cumdrip,31301
lolita_fashion,30189
spread_pussy,29595
cum_in_mouth,29194
ass_focus,27858
breasts_squeezed_together,26485
bouncing_breasts,26357
large_penis,25510
veiny_penis,24985
cum_overflow,23359
floral_background,22046
cum_on_hair,21484
covering_breasts,20970
hanging_breasts,20167
huge_ass,18679
glass,18199
classroom,18087
gothic_lolita,17479
assault_rifle,16748
after_vaginal,16439
happy_sex,15813
crotch_seam,15590
wine_glass,15170
precum,15154
cum_in_ass,14798
arm_under_breasts,14397
bare_pectorals,14248
anal_object_insertion,13679
sexually_suggestive,13622
code_geass,13413
covering_crotch,13229
standing_sex,13215
facial_tattoo,13045
pectoral_cleavage,13010
lolita_hairband,12839
grabbing_another's_ass,12709
cum_on_clothes,12363
pov_crotch,11746
spreading_own_pussy,11595
vaginal_object_insertion,11199
same-sex_bathing,11139
tassel_earrings,10932
licking_penis,10912
assertive_female,10852
necktie_between_breasts,10780
dungeon_meshi,10708
erection_under_clothes,10648
huge_penis,10019
implied_sex,9937
hair_over_breasts,9478
torso_grab,9400
female_ejaculation,9164
gigantic_breasts,9041
cum_string,8440
assault_lily,8217
tentacle_sex,8183
clothed_male_nude_female,8142
internal_cumshot,7913
downblouse,7837
twisted_torso,7717
cum_on_ass,7648
hand_on_own_ass,7645
projectile_cum,7280
mixed-sex_bathing,7101
hololive_indonesia,7097
cum_on_tongue,7088
crotchless,6846
bursting_breasts,6829
on_grass,6806
anal_beads,6796
disembodied_penis,6691
pussy_peek,6681
grabbing_own_ass,6550
sagging_breasts,6401
against_glass,6282
looking_at_penis,6259
crotch,6215
oppai_loli,5969
spread_anus,5918
anal_tail,5686
tassel_hair_ornament,5609
penis_on_face,5559
paizuri_under_clothes,5535
spread_ass,5518
assault_visor,5493
teamwork_(sexual),5451
after_anal,5331
imminent_vaginal,5329
opaque_glasses,5301
nude_cover,5281
anus_peek,5236
penis_awe,5220
after_fellatio,5202
arms_under_breasts,5181
assisted_exposure,5140
cum_pool,5107
dungeon_ni_deai_wo_motomeru_no_wa_machigatteiru_darou_ka,5093
unaligned_breasts,5086
no_pussy,5021
framed_breasts,4966
virgin_killer_sweater,4802
pussy_juice_trail,4723
pussy_juice_stain,4699
wo-class_aircraft_carrier,4618
guro,4566
animal_penis,4504
yoga_pants,4413
perky_breasts,4383
penis_grab,4333
clitoral_hood,4328
cum_on_stomach,4231
stained_glass,4199
bass_guitar,4182
dungeon_and_fighter,4094
strap_between_breasts,4093
frogtie,3991
small_penis,3882
broken_glass,3867
clitoral_stimulation,3785
twitching,3777
asticassia_school_uniform,3774
mega_man_(classic),3759
dungeons_&_dragons,3759
crotch_rope,3740
cooperative_fellatio,3737
condom_on_penis,3667
pokemon_(classic_anime),3614
thigh_sex,3569
twitching_penis,3491
hand_on_another's_ass,3477
suspension,3458
bandaid_on_pussy,3376
cum_on_legs,3346
cum_on_male,3341
after_ejaculation,3340
onee-loli,3336
barnaby_brooks_jr.,3335
urethra,3315
cocktail_glass,3305
fellatio_gesture,3259
anal_fingering,3213
irys_(hololive),3203
phimosis,3202
cervix,3166
cum_on_penis,3131
tribadism,3128
z1_leberecht_maass_(kancolle),3121
teardrop_facial_mark,3091
bisexual_female,3074
flat_ass,3066
chemise,3041
clothed_female_nude_female,2988
coral,2962
crotchless_panties,2926
tied_up_(nonsexual),2902
veiny_breasts,2888
cumulonimbus_cloud,2839
floral_print_kimono,2809
crotch_plate,2802
breasts_on_glass,2731
head_between_breasts,2675
prostitution,2669
surrounded_by_penises,2653
straddling_paizuri,2640
ai-assisted,2625
fushiguro_megumi,2621
puckered_anus,2616
handsfree_ejaculation,2613
age_progression,2609
crotch_rub,2591
face_to_breasts,2583
futanari_masturbation,2559
excessive_cum,2549
perineum,2545
69,2544
star_facial_mark,2518
after_paizuri,2510
implied_futanari,2509
fertilization,2470
fake_facial_hair,2445
strap-on,2424
haguro_(kancolle),2420
pussy_juice_puddle,2404
dominatrix,2402
magnifying_glass,2395
artificial_vagina,2392
penis_out,2368
stationary_restraints,2324
pectoral_grab,2320
dragon_ball_(classic),2311
re-class_battleship,2306
tankini,2287
cum_on_feet,2282
inflation,2274
large_testicles,2270
cum_on_hands,2239
mole_on_ass,2237
breasts_on_head,2232
hololive_dev_is,2227
penis_size_difference,2210
imminent_fellatio,2190
caressing_testicles,2185
buttjob,2178
girthy_penis,2153
crescent_facial_mark,2131
nude_filter,2095
cucumber,2084
hassan_of_serenity_(fate),2083
anilingus,2068
senshi_(dungeon_meshi),2064
pussy_piercing,2052
horse_penis,2031
invisible_penis,2028
heart_facial_mark,2020
oral_invitation,1970
arm_between_breasts,1961
spread_pussy_under_clothes,1959
cooperative_paizuri,1924
dark_penis,1923
shimaidon_(sex),1891
sex_machine,1885
covered_penis,1881
ass_cutout,1872
ass_ripple,1869
lolita_channel,1829
grass_wonder_(umamusume),1812
imminent_anal,1802
cum_on_self,1790
anal_hair,1782
rough_sex,1779
full-package_futanari,1758
hands_on_own_ass,1749
futa_without_pussy,1746
neck_tassel,1738
looking_at_breasts,1725
perpendicular_paizuri,1722
pornography,1714
bouncing_ass,1689
ass_support,1660
no_testicles,1653
penis_peek,1622
analog_clock,1617
chocolate_on_breasts,1614
i-class_destroyer,1603
half-spread_pussy,1589
cum_in_clothes,1582
stealth_sex,1572
ass_shake,1561
dark_anus,1558
aviator_sunglasses,1549
sweet_lolita,1546
underbutt,1537
unitard,1531
pointy_breasts,1531
hourglass,1528
breasts_on_table,1500
upshorts,1495
huge_testicles,1493
crotchless_pantyhose,1468
hands_on_own_breasts,1462
penises_touching,1461
crotch_cutout,1460
azki_(hololive),1433
cutesexyrobutts,1430
unzipping,1409
knotted_penis,1408
upshirt,1383
coke-bottle_glasses,1381
between_pectorals,1381
holding_sex_toy,1378
cum_on_pussy,1362
clothes_between_breasts,1347
assam_(girls_und_panzer),1327
they_had_lots_of_sex_afterwards_(meme),1310
passionlip_(fate),1308
cum_on_pectorals,1299
sauna,1299
precum_drip,1294
cum_in_nose,1287
pussy_juice_drip_through_clothes,1285
abuse,1277
covering_ass,1276
kissing_penis,1274
presenting_pussy,1272
implied_fellatio,1255
glass_bottle,1242
masochism,1239
hand_on_glass,1234
huge_pectorals,1222
satin,1217
anal_fluid,1214
pectoral_press,1212
dog_penis,1197
ta-class_battleship,1188
virgin_destroyer_sweater,1174
cum_in_container,1169
ru-class_battleship,1167
urethral_insertion,1162
maka_albarn,1154
gokkun,1154
cum_inflation,1152
arachne,1152
crotch_focus,1147
dudou,1147
pectoral_focus,1140
presenting_ass,1139
simulated_fellatio,1139
hololive_idol_uniform_(origin),1138
penis_on_ass,1135
covered_testicles,1129
bass_clef,1113
food_on_breasts,1107
glass_shards,1102
analogous_colors,1097
scathach_(swimsuit_assassin)_(fate),1097
assassin's_creed_(series),1095
estellise_sidos_heurassein,1094
hat_tassel,1089
gymnastics,1083
intestines,1077
wa_lolita,1076
massage,1070
penis_over_eyes,1064
massakasama,1060
ass-to-ass,1057
king_hassan_(fate),1057
ero_guro,1026
torture,1023
clothed_male_nude_male,1020
tiki_(adult)_(fire_emblem),1018
virgin_killer_outfit,1013
crotch_zipper,1010
cum_on_legwear,1008
emotionless_sex,1003
kono_lolicon_domome,1000
used_condom_on_penis,998
assassin_(fate/zero),991
nudist,972
cuirass,966
cum_on_eyewear,963
crotch_grab,956
restroom,955
ganguro,947
armpit_sex,945
penis_in_panties,943
drugged,941
murder,941
razor_(genshin_impact),940
satin_panties,938
holding_magnifying_glass,937
alternate_pectoral_size,936
presenting_breasts,935
handsfree_paizuri,921
penis_to_breast,909
safety_glasses,899
captured,899
fushiguro_touji,895
arrancar,895
hair_between_breasts,889
face_between_breasts,887
bound_torso,879
dungeon,875
chikan,873
unfastened,872
sextuplets,869
compass,868
lolidom,864
afterglow,863
toddlercon,855
urinal,854
bralines,854
cumdump,852
sexual_coaching,834
janus_(kancolle),823
stitched_torso,813
weights,812
a-chan_(hololive),811
paizuri_invitation,811
cracked_glass,806
hand_on_own_crotch,803
hemogurobin_a1c,801
penis_shadow,797
cutlass_(girls_und_panzer),789
qi_lolita,788
ass_tattoo,787
pokemon_mystery_dungeon,785
anal_only,783
brass_knuckles,781
cassock,780
foreplay,779
catsuit,774
reverse_fellatio,774
ri-class_heavy_cruiser,770
assisted_rape,765
nitocris_(swimsuit_assassin)_(fate),760
electric_bass_guitar,753
mole_on_pussy,750
oyakodon_(sex),747
blood_on_breasts,741
cum_through_clothes,740
assassin_cross_(ragnarok_online),739
nassukun,730
tucked_penis,729
hololive_idol_uniform_(bright),726
inconvenient_breasts,721
penis_tentacle,720
saliva_on_penis,718
penis_measuring,717
excessive_pussy_juice,716
covered_anus,714
cheria_barnes,706
lipstick_mark_on_penis,706
female_assassin_(fate/zero),705
crotchless_pants,704
at_classics,703
pillory,695
futanari_pov,692
piledriver_(sex),691
glass_table,690
adult_neptune,686
mythra_(massive_melee)_(xenoblade),684
penis_under_another's_clothes,672
akashio_(loli_ace),671
penis_on_pussy,667
sonic_the_hedgehog_(classic),666
circle_facial_mark,665
implied_after_sex,661
murasaki_shion_(gothic_lolita),661
manboobs,660
glass_door,658
lifeguard,657
smelling_penis,654
ambrosia_(dungeon_meshi),650
sailor_uranus,650
bisexual_male,649
ejaculation_under_clothes,646
ass_press,646
cum_bubble,644
measurements,644
cum_on_floor,640
penis_over_one_eye,638
ascot_between_breasts,637
vomiting,634
psycho-pass,633
pectoral_docking,632
chi-class_torpedo_cruiser,631
glass_slipper,629
c-string,629
alternate_facial_hair,627
froslass,622
kurione_(zassou),617
monoglove,617
cum_on_fingers,611
pussy_focus,608
crucifixion,601
massachusetts_(azur_lane),601
cum_in_cup,599
face_in_ass,599
irys_(irys_1.0)_(hololive),592
rhythmic_gymnastics,587
bursting_pectorals,586
implied_paizuri,585
v-taper,585
tall_grass,582
itou_(onsoku_tassha),582
milfeulle_sakuraba,579
hololive_summer_2023_swimsuit,577
classic_lolita,577
asseylum_vers_allusia,576
penis_on_head,572
multiple_anal,571
coral_reef,567
kyogre,565
floral_print_dress,564
canal,564
dramatical_murder,561
mass_effect_(series),551
juxtaposition,546
pussy_cutout,546
bouncing_penis,544
razor,543
cum_on_back,542
happy_facial,539
extra_penises,531
headlock,531
grass_root_youkai_network,530
cure_passion,530
rachnera_arachnera,530
oozora_subaru_(hololive_summer_2019),528
cassidy_(overwatch),524
vomit,522
autofacial,522
code_geass:_lost_stories,522
ribbon_between_breasts,518
gigantic_penis,516
penis_on_stomach,516
centorea_shianus,516
bursting_ass,516
female_ejaculation_through_clothes,516
virgin,515
mage_(dungeon_and_fighter),515
nudist_beach_uniform,513
sexual_harassment,513
ass_hair,508
bulge_to_ass,508
zasshu,508
buttjob_over_clothes,507
spiked_penis,506
essex_(azur_lane),505
shot_glass,504
precum_string,504
pussy_juice_on_fingers,504
hololive_grand_theft_auto,503
cupping_glass,500
koyanskaya_(assassin)_(first_ascension)_(fate),499
yoga,498
animal_sexualization,497
hand_on_own_penis,492
tickle_torture,492
hololive_dance_practice_uniform,489
irys_(irys_2.0)_(hololive),489
d;,487
scissorhold,480
haguro_kai_ni_(kancolle),479
autoarousal,479
double_anal,479
loliconder,479
akai_haato_(gothic_lolita),479
penis_ribbon,478
usa37107692,477
precum_through_clothes,476
floral_print_bikini,474
fender_jazz_bass,474
foot_pussy,472
glass_writing,472
cannibalism,470
kidnapping,468
ass_smack,468
gilgamesh_(immoral_biker_jacket)_(fate),459
cassette_player,459
food_between_breasts,457
prolapse,457
cutlass,455
tassel_choker,453
ch'en_(ageless_afterglow)_(arknights),452
massala,451
penis_piercing,450
cum_on_armpits,447
person_between_breasts,447
extended_downblouse,446
holding_bass_guitar,446
zero_(code_geass),443
breasts_day,443
penis_out_of_frame,442
cassandra_alexandra,441
spreading_another's_pussy,439
half-harpy,437
leon_(mikiri_hassha),437
fellatio_under_mask,436
grasslands,435
breasts_on_tray,435
bouncing_testicles,434
hymen,429
clothed_after_sex,428
hand_on_another's_crotch,426
houshou_marine_(gothic_lolita),424
contortion,420
cum_on_chest,419
upright_restraints,416
ofuda_on_pussy,413
glasses_nun_(diva),413
torso_flash,413
hassan_of_the_cursed_arm_(fate),412
ha-class_destroyer,412
ogre,411
too_many_sex_toys,411
cuffs-to-collar,410
eustass_kid,409
moral_cacoethes,408
crotch_kick,407
cassette_tape,406
yoga_mat,405
lass_(pokemon),400
shaving,398
himemiya_chikane,398
head_on_ass,397
teardrop-framed_glasses,397
azki_(4th_costume)_(hololive),395
iguro_obanai,395
panties_on_penis,394
scar_on_breasts,392
hololive_fantasy,392
coral_(pokemon),391
clear_glass_(mildmild1311),391
necktie_between_pectorals,389
ass_peek,389
cum_in_panties,385
triangle_facial_mark,384
shukusei!!_loli-kami_requiem,383
lens_flare_abuse,382
spasm,380
the_murder_of_sonic_the_hedgehog,379
fanning_crotch,376
male_with_breasts,376
covered_pussy,373
ne-class_heavy_cruiser,372
pectoral_squeeze,371
nitocris_(swimsuit_assassin)_(second_ascension)_(fate),370
assisted_stretching,367
breasts_on_another's_back,366
grasshopper,364
groucho_glasses,364
injection,363
torso,363
aphrodisiac,361
multiple_vaginal,361
male_priest_(dungeon_and_fighter),361
hasshaku-sama,361
ushiwakamaru_(swimsuit_assassin)_(fate),360
sayla_mass,359
ro-class_destroyer,357
cuffed,356
paizuri_on_lap,355
imminent_paizuri,352
colored_pussy,352
implied_bisexual,349
tactics_ogre,349
miles_morales,348
shoejob,348
ass_on_glass,348
james_buchanan_barnes,348
alraune,347
assha_(schector),347
assassin_(ragnarok_online),344
tentaclejob,342
ookami_mio_(hololive_summer_2019),340
progression,336
hassel_(pokemon),336
backwards_virgin_killer_sweater,334
coach,334
thistle_(dungeon_meshi),333
tonguejob,332
penis_milking,330
sex_ed,329
mole_on_crotch,328
belly-to-belly,328
hololive_alternative,327
bardiche_(assault_form)_(nanoha),326
nipple_torture,323
3d_glasses,322
crotchless_leotard,322
ao_(flowerclasse),321
spider-man_(miles_morales),319
nyotaimori,317
satyr,316
q_(ed69),315
protean_assassin_melona,314
vibrator_in_anus,313
pornhub,313
floating_breasts,312
floral_arch,312
kneepit_sex,311
lasso,310
paizuri_over_clothes,310
intravaginal_futanari,309
fighter_(dungeon_and_fighter),309
ass_freckles,306
classic_(zildjian33),306
sexual_exercising,306
fender_precision_bass,305
super_sass_(girls'_frontline),305
geass,304
floral_print_sash,303
wireless_sex_toy_controller,302
implied_murder,302
brassica,302
punishment,300
barn,300
mixed-sex_combat,300
ushiwakamaru_(swimsuit_assassin)_(first_ascension)_(fate),299
sword_art_online_progressive,297
female_gunner_(dungeon_and_fighter),297
walking_mushroom_(dungeon_meshi),295
card_between_breasts,295
partially_opaque_glasses,295
bodycon,294
sex_toy_pull,294
implied_prostitution,293
censored_with_cum,293
vaginal_prolapse,293
crotchless_swimsuit,291
cool_&_sexy_(idolmaster),291
dismemberment,290
virginia_knights,290
adult_baby,289
dazed,289
cum_in_navel,289
satin_bra,289
dungeon_travelers_2,289
minato_aqua_(hololive_summer_2019),288
lolicom,287
cassiopeia_(constellation),287
lipstick_mark_on_testicles,286
double_bass,286
burp,285
pussy_jewelry,285
cum_on_food,284
mephisto_(angraecum),282
flasso,281
nipple_tassels,280
cross_facial_mark,279
national_basketball_association,279
ogre_(illustogre),279
x_anus,278
ka-class_submarine,278
darkest_dungeon,274
x-ray_glasses,273
knight_(dungeon_and_fighter),273
ga_geijutsuka_art_design_class,273
audible_internal_cumshot,272
asymmetrical_breasts,272
black_unitard,272
dismassd,271
anal_fisting,271
overpass,270
videocassette,269
pectoral_lift,268
hurricane_glass,266
double_vaginal,266
winged_lion_(dungeon_meshi),265
sagging_testicles,265
simulated_paizuri,262
hair_over_crotch,260
hololive_gamers,258
hobble,258
underwater_sex,257
code_geass:_boukoku_no_akito,257
anus_cutout,254
parasite_eve_(series),254
mounting,253
lifeguard_chair,253
gymnastics_ribbon,252
extra_breasts,252
virginia_maxwell,252
mass_production_eva,251
#compass,250
parasite,250
execution,249
cum_on_figure,249
slime_sex,248
cumdrip_onto_panties,247
domon_kasshu,244
cleanup_fellatio,243
classic_revenant,243
susuki_grass,243
body_exploration,242
shirakami_fubuki_(hololive_summer_2019),242
playing_bass_guitar,240
z1_leberecht_maass_(swimsuit_mode)_(kancolle),240
anal_invitation,239
yassy,238
small_penis_humiliation,237
casshern_(series),237
food_in_ass,236
hololive_summer_2022_swimsuit,234
autofellatio,234
canal_vorfeed,233
presenting_anus,233
glass_teapot,233
passenger_(arknights),233
penis_under_mask,233
stealth_fellatio,232
floral_dress,231
lolimate,231
liu_association_(identity)_(project_moon),230
nude_modeling,230
a-chan_(1st_costume)_(hololive),230
adjustable_wrench,228
squeezing_testicles,228
paizuri_day,228
gasp,228
shiguma_(signalmass),228
wass_nonnam,227
covered_fellatio,227
shoulder_massage,226
ni-class_destroyer,226
razor_blade,225
cassandra_(seishun_katsu_sando),225
implied_ejaculation,224
satyr_(granblue_fantasy),224
blue_plate_special_(sex),224
cucumber_slice,223
female_priest_(dungeon_and_fighter),223
artist_progress,223
tachihanabishi,223
coral_hair_ornament,222
domination,220
vomiting_rainbows,219
startend_(hololive),218
formidable_(timeless_classics)_(azur_lane),218
lolikaku,217
ungagged,217
cum_in_footwear,216
necrophilia,216
maguro_(mawaru_sushi),216
premature_ejaculation,216
cum_in_throat,215
irys_(casualrys)_(hololive),214
unaware,213
spread_anus_under_clothes,212
shoukaku_(sororal_wings)_(azur_lane),211
ass_worship,210
shuuniichido_classmate_wo_kau_hanashi,209
hololive_china,209
foot_massage,208
murasaki_shion_(hololive_summer_2019),208
neckerchief_between_breasts,208
licking_cum,208
moe2021,207
daidou_(demitasse),206
hands_on_penis,206
bass_(mega_man),206
white_chemise,205
bandaged_torso,204
zasshoku_ojisan,204
cum_in_bowl,204
female_slayer_(dungeon_and_fighter),204
yoshika_(music480069),202
urethral_beads,201
implied_erection,201
hassen_(8cm),201
tickling_pussy,201
nodoguro_(phi-tan),200
penis_sheath,200
animal_between_breasts,200
ryuki@maguro-ex,200
lipstick_mark_on_ass,200
no_anus,199
non_(wednesday-classic),199
ganassa,199
restraints,198
assassin's_creed_ii,198
crotch_strap,197
anal_hook,197
stable_diffusion,197
red_cucumber,196
chikanoko,196
zasshu_nigou,195
diamond_facial_mark,194
reverse_paizuri,194
glasses_day,193
muloli,193
autopaizuri,192
safety_razor,192
emiya_kiritsugu_(assassin),192
cure_coral,191
good_ass_day,189
mass_effect_3,188
vomiting_cum,188
casshern_sins,188
passion_(manhwa),187
cum_swap,187
pussy_press,187
sexy_no_jutsu,186
tickling_breasts,186
smelling_ass,186
wa-class_transport_ship,186
koyanskaya_(assassin)_(second_ascension)_(fate),185
sports_sunglasses,185
tribadism_through_clothes,185
shipu_(gassyumaron),185
massachusetts_(dressed_to_impress)_(azur_lane),184
azki_(3rd_costume)_(hololive),184
censored_anus,183
masshirokachi,183
crotchless_bikini,183
dungeon_toaster,183
pokemon_mystery_dungeon:_explorers_of_time/darkness/sky,182
catheter,182
chain_between_breasts,182
branded,182
severed_torso,181
assassin's_creed,180
zinogre_(armor),180
floral_border,179
crotch_stomping,179
ho-class_light_cruiser,178
spreading_own_anus,177
penis_and_testicles_touching,177
zwei_association_(identity)_(project_moon),177
requesting_internal_cumshot,176
face_in_crotch,175
yamcha_(cocololi),175
cum_bath,174
passenger_pigeon_(kemono_friends),174
mandragora,174
nu-class_light_aircraft_carrier,174
used_artificial_vagina,173
sunsun69,173
pectoral_pillow,172
anal_ball_wear,172
sword_between_breasts,172
kyokugen_dasshutsu,172
tsu-class_light_cruiser,172
janus_(azur_lane),171
novelty_glasses,171
satin_dress,169
milfa_(to_heart),169
funsexydb,169
chloroform,168
vulcanus_(disgaea_4),168
chocolate_on_pussy,168
ryoma_(rym_369),168
nakiri_ayame_(hololive_summer_2019),167
grabbing_own_pectoral,167
casshern,166
looking_at_pectorals,166
asari_(mass_effect),166
sex_pistols_(stand),165
harley_quinn_(classic),165
japan_racing_association,164
sexting,164
ear_sex,164
covering_another's_breasts,164
peter_strasser_(azur_lane),163
akai_haato_(hololive_summer_2019),163
tamagotchi_(classic),162
onna_doushi_toka_arienai_desho_to_iiharu_onnanoko_wo_hyakunichikan_de_tetteiteki_ni_otosu_yuri_no_ohanashi,161
sex_doll,161
jurassic_park,161
sugo6969,161
shaving_cream,160
glass_wall,160
parasite_eve_i,159
lubrication,159
hidden_blade_(assassin's_creed),159
cum_on_gloves,159
cinq_association_(identity)_(project_moon),158
zinogre,158
floral_print_shirt,158
clitoral_stimulation_through_clothing,158
scary_sex,158
spyglass,158
veiny_testicles,158
female_mage_(dungeon_and_fighter),157
cream_on_breasts,157
good_breasts_day,157
kuromu_(underporno),157
mass_effect_2,156
natsuiro_matsuri_(hololive_summer_2019),156
essex_(warship_girls_r),156
looking_at_ass,156
yo-class_submarine,156
pov_breasts,155
cum_on_headwear,154
anal_prolapse,154
thors_military_academy_class_vii_uniform,154
grass_skirt,154
gundam_calibarn,153
yukkuri_abuse,153
floral_print_sleeves,151
guy_tired_after_sex_(meme),151
czy_(2894456992),151
a-chan_(2nd_costume)_(hololive),151
so-class_submarine,151
lolibaba,150
coral_island,150
bandaid_on_ass,150
stable,149
sanallite_(tsukumo_sana),149
afterglow_(bang_dream!),149
gigantic_testicles,148
cum_on_object,148
simulated_facial,147
akizuki_(17769498),147
cum_on_tail,147
holding_razor,146
testicles_on_face,146
class_of_09,146
supportasse,146
akechi_(826988799),145
z1_leberecht_maass_(azur_lane),145
zassyoku_dd,145
fujimaru_ritsuka_(male)_(mage's_association_uniform),145
brassius_(pokemon),145
standing_anilingus,145
ogre_(dq10),145
shaving_crotch,145
blue_unitard,144
edmun6969,144
jurassic_world,144
meguro_fukuzou,144
small_testicles,143
z1_leberecht_maass_(oktoberfest_mode)_(kancolle),143
porno_(dohna_dohna),143
sea_cucumber,142
loli_bushi,142
kulolin,142
hans_christian_andersen_(adult)_(fate),142
ass-to-ass_penetration,141
projectile_cumdrip,141
kaname_madoka_(sexy_madoka),141
mandragora_(arknights),141
fang_assassin_irma,141
irys_(gaming_casual)_(hololive),140
cooperative_buttjob,139
glass_bowl,139
saliva_on_breasts,139
fionn_mac_cumhaill_(fate/grand_order),139
standing_restraints,139
aneros,139
nosepass,139
kareya_(jixo95821699),138
idass_(idass16),137
milsiril_(dungeon_meshi),137
spear_of_cassius,137
assisted_masturbation,137
parasite_oyatsu,137
glass_teacup,136
hobble_dress,136
tlandolt69,136
the_weaker_sex_1_(gibson),136
ozu_yugurou,135
biting_penis,134
tifa_lockhart_(lifeguard),134
69_(tranquilo),134
goat_(dungeon_meshi),133
progress_bar,133
4690_(tkpbsk),133
hassan_(sink916),132
nagasawa_yuki_(assault_lily),132
murder_drones,132
he-class_light_cruiser,132
tiki_(adult)_(summering_scion)_(fire_emblem),131
kirarin369,131
hands_on_own_crotch,131
satin_bikini,131
performance_juxtaposition,130
otta_(dungeon_meshi),130
blue_pussy,130
pink_anus,129
rapi_(classic_vacation)_(nikke),129
vibrator_on_penis,129
male_prostitution,129
facial_recognition,128
mumei_(song)_(hololive),128
ulpianus_(arknights),128
inari1369,128
salamander_coral,128
angry_sex,128
sasaki_(glass1138),128
passionlip_(third_ascension)_(fate),127
ass_lift,126
black_facial_hair,126
implied_after_fellatio,126
cum_on_sheets,126
goggles_around_breasts,126
sock_on_penis,126
rassie_s,126
futaba969649,126
seven_association_(identity)_(project_moon),125
mel6969,125
masso,125
cum_on_skirt,124
white_unitard,124
executioner_(girls'_frontline),124
arakumachikano,124
penis_chart,123
yabarn,123
nassss,123
shirota69,123
bonanus_(genshin_impact),122
flower_facial_mark,122
floral_print_skirt,121
glass_pen,121
oggu_(neoguloliko),121
nana_(nanalog76),121
uranus_symbol,120
pommel_tassel,120
testicles_touching,120
fujimaru_ritsuka_(female)_(mage's_association_uniform),119
kasseus_maximus,119
satin_underwear,119
coralie_(honkai_impact),118
hirokazu_(analysis-depth),118
no_penis,118
namari_(dungeon_meshi),118
cum_on_lips,117
convenient_breasts,117
cassandra_cain,117
cassiopeia_(league_of_legends),117
tibarn_(fire_emblem),116
alfyn_greengrass,116
adeshi_(adeshi0693119),116
breast_massage,116
miso_(b7669726),116
mishuo_(misuo69421),116
numaguro_(tomokun0808),115
veiny_crotch,115
carcass_(artist),115
hongcasso,115
unstableboiler,115
urethral_fingering,115
asahina_mikuru_(adult),115
sparse_ass_hair,114
bass.exe_(mega_man),114
guren_(code_geass),114
covered_pectorals,114
nicole_(class_of_09),113
ren_(dramatical_murder),113
shaving_another,113
hinata_(echoloveloli),112
reni_milchstrasse,112
compass_(instrument),112
torso_(hjk098),112
covering_another's_crotch,111
yumi5469,111
looking_for_glasses,111
glowing_penis,111
wo-class_aircraft_carrier_(cosplay),111
hassu,111
massage_chair,111
dynamite_pussy_cat,111
nekololisama,111
mushoku_loli,111
bisexual_flag,110
pussy_juice_in_mouth,110
brown_haired_glasses_elf_(houtengeki),110
robot_sex,110
hina_(cassissoda),110
lancelot_(code_geass),110
compass_rose,110
cum_in_eye,110
rion_(glayjirobass),110
pachio_(patioglass),109
classy-black-haired_girl_(hayabusa),109
penis_hug,109
penis_in_glove,109
passport,109
class_card_(prisma_illya),108
maguro27,108
fairy_(dungeon_meshi),108
sybian,108
binchou_maguro,108
holding_own_breasts,107
striker_(dungeon_and_fighter),107
asselin_bb_ii,107
rosetta_passel,107
massan,107
yao_(pixiv9482697),106
compass_uniform,106
ohguro_mariya,106
cleaning_glasses,106
gift_between_breasts,106
hololive_error,106
sos_adult,105
sakura_miko_(hololive_summer_2019),105
penis_face,105
ogre_(granblue_fantasy),105
gala_(16901040),104
slapping_breasts,104
slapping_with_penis,104
buttjob_under_clothes,104
autocunnilingus,104
to-class_light_cruiser,104
lolita_majin,103
liquid-in-glass_thermometer,103
transformers_shattered_glass,102
female_fertilization,102
erection_in_panties,102
erection_under_towel,102
disassembly,102
sexy_guilty_(idolmaster),102
dieci_association_(identity)_(project_moon),101
womb_massage,101
cum_on_bed,101
cum_on_testicles,101
chaosexceed,101
nitocris_(swimsuit_assassin)_(third_ascension)_(fate),101
utani_(punishment),101
crotchless_bloomers,101
assassin's_creed_iii,101
kyokugen_dasshutsu:_9_jikan_9_nin_9_no_tobira,100
raiden_mei_(orochi_cuirass),100
mihono_bourbon_(code:glassage)_(umamusume),100
looking_at_pussy,100
sangria_(sangria69),100
9696k,100
isawo_(lucanus19),100
nayuta69,100
long_torso,99
lasso_of_truth,99
koyanskaya_(assassin)_(third_ascension)_(fate),99
mitarashi_(5333069),99
assassin,99
child_assassin_(fate/zero),99
assassins_pride,99
thick_ass_hair,98
uranus_(planet),98
lolifreak,98
maguro_teikoku,98
bad_ass,98
massachusetts_(kancolle),97
suspension_bridge,97
pussy_sandwich,97
klasse14,97
bite_mark_on_ass,97
estellise_sidos_heurassein_(campus_royalty),97
disembodied_torso,96
sexfriend,96
tassets,95
implied_cannibalism,95
telepathic_sex,95
beer_glass,95
kassioppia_(voice_actor),95
rinna_milford,95
sakura_strasse,95
scar_on_ass,94
nunu_(pixiv69145027),94
clear_(dramatical_murder),94
primal_kyogre,94
thief_(dungeon_and_fighter),94
brain_injection,94
z1_leberecht_maass_(kancolle)_(cosplay),94
panties_on_breasts,94
cum_on_crotch,94
blassreiter,94
necklace_between_breasts,93
hose_between_breasts,93
dungeons_&_dragons:_chronicles_of_mystara,93
cassie_(acerailgun),93
torture_instruments,93
flexing_pectorals,92
super_sailor_uranus,92
mirai_(happy-floral),92
covering_anus,92
wow_(cor369),92
cheek_on_glass,92
teddy_bear_sex,92
blue_penis,92
penis_in_thighhigh,91
ethan69_(anhuzart),91
cutesexyrobutts_(style),91
murdermuffinloki,91
c-7_(assate),91
massage_table,90
kick-ass,90
implied_pornography,90
yuuki_nao_(pixiv10696483),90
class_number,90
sho_(shirojiro_kuroguro),90
bassa,90
sasaki_maguro,89
floral_print_pants,89
akuru_(akr369akr),89
white_facial_hair,89
bitter_glasse_(umamusume),89
ajishio_(loli_king),89
arthur_(code_geass),89
italian_senate_porn_livestream_(meme),89
to_heart_2_dungeon_travelers,89
after_anilingus,89
sunshine_(1638509769),88
bibbidiba_(hololive),88
twisted_breasts,88
object_on_pectorals,88
penis_focus,88
assisted_carrying,87
grey_facial_hair,87
assisted_peeing,87
zasshu_tamashii,87
saikachi_(ogre_tree),87
brown_facial_hair,87
tass_commuovere,87
yuzuki_choco_(hololive_summer_2019),86
penis_on_shoulder,86
yamamoto_(ymmt_is_sexy),86
dungeons_&_princess,86
futanari-sama_(mdf_an),86
noiz_(dramatical_murder),86
nanaly_fletch,86
sucking_on_multiple_breasts,85
highwayman_(darkest_dungeon),85
passionlip_(celeb_summer_experience_swimsuit)_(fate),85
crotchless_bodysuit,84
star_rail_special_pass_(honkai:_star_rail),84
sideboob_paizuri,84
poking_penis,84
jecka_(class_of_09),84
clitoris_torture,84
mioda_69ch,84
non_non_moral,83
purple_pussy,83
ryoushi_chicken_soup_grass_big_chungus,83
colored_anus,83
trinity_glassfield,83
tassel-trimmed_capelet,82
bakatare_(hololive),82
black_chemise,82
recette_lemongrass,82
sophie_(693432),81
cum_on_mask,81
cumdare,81
loli_bitch_island,81
suguro_ryuuji,81
zassou_maruko,81
ayafubumi_(hololive),81
food_on_penis,80
cum_milking,80
owl_corps:_parumpasser,80
yellow_glasses_(odivichno),80
tail_pussy,80
penis_ornament,80
maguro_(ma-glo),80
felching,80
barnacle,80
erection_under_blanket,80
satin_sheets,80
frosted_glass,80
tranquillianusmajor,80
shi_association_(identity)_(project_moon),79
satono_diamond_(floral_star_prosperous_green)_(umamusume),79
inconvenient_ass,79
mandragora_(final_fantasy),79
barn_owl,79
crotchless_shorts,79
kuro_(dungeon_meshi),78
looking_at_crotch,78
kassai_kassai,78
analog_kenshi_(moto),78
veiny_pectorals,78
ushikani_kassen,78
teiryoku_lolita,78
mayjack_(dungeon_meshi),77
penis_in_pantyhose,77
alternate_ass_size,77
ass_mousepad,77
mass_effect_1,77
poking_with_penis,77
miko_(15476997),77
peeing_on_penis,77
penis_growth,77
oguro_(moyashi_2-hon),77
knt02142769,77
icons_(1452697582),77
cum_bucket,77
pokemon_mystery_dungeon:_rescue_team_dx,76
2024_attempted_assassination_of_donald_trump,76
curcuma_(flower_knight_girl),76
straight_razor,76
food_on_pectorals,76
q_(hololive),76
super_sass_(mod3)_(girls'_frontline),76
regloss_(hololive),75
licking_ass,75
holding_glass_bottle,75
tail_in_ass,75
kina_(446964),75
pussy_squeeze,75
own_cum_in_mouth,75
smelly_pussy,75
re-class_battleship_(cosplay),75
circumcision_scar,74
floral_print_apron,74
elementalist_(dungeon_and_fighter),74
yosua_0669,74
chocolate_on_penis,74
ghost_ogre_&_snow_rabbit,74
cassin_(azur_lane),74
fogged_glasses,74
sexual_dimorphism,74
zero_(code_geass)_(cosplay),74
kyou_kara_ore_wa_loli_no_himo!,73
shaving_beard,73
one_year_artist_progress_record,73
floralia,73
satin_clothes,73
double_fellatio,73
kensuke_(dungeon_meshi),72
69_(meme),72
grass_wonder_(saint_jade_healer)_(umamusume),72
penis_tattoo,72
battle_mage_(dungeon_and_fighter),72
west_virginia_(azur_lane),72
standing_fellatio,72
glass_ceiling,72
glassjill,72
youjo_(kurukuru9696),72
puffer_fish_vomiting_water_(meme),72
rin_(dungeon_meshi),71
summoner_(dungeon_and_fighter),71
asshimar,71
classy_cranberry's,71
pig_penis,71
positive_passion_(idolmaster),71
toshima19699496,71
mechanical_penis,70
holding_lasso,70
scuffed,70
slayer_(dungeon_and_fighter),70
gasper_vladi,70
probopass,70
mushoku_loli_(character),70
massager,70
cassidy_(pokemon),70
amido_(compassion273),69
cumdrip_through_panties,69
toguro_otouto,69
triple_anal,69
kidkuroba4869,69
glasses_girl_(nameo),69
meguro_miyuki,69
lolicon_(lolicon42051636),68
type_56_assault_rifle,68
mobius_(daughter_of_corals)_(honkai_impact),68
presenting_penis,68
lengkuass,68
curved_penis,68
hassan_of_serenity_(lostroom_outfit)_(fate),68
ass-to-mouth,68
penis_to_navel,68
assisted_paizuri,68
glasses_boy_(osomatsu-san),68
qingchen_(694757286),68
assembling,68
n_(murder_drones),67
cutlass_(classic_chocolate),67
crusader_(darkest_dungeon),67
springfield_(classic_witch)_(girls'_frontline),67
chocolate_on_ass,67
avenger_(dungeon_and_fighter),67
695_(mukuko),67
assistant_waddle_dee,67
male_futanari,66
kass,66
chiyoganemaru_(touken_ranbu),66
blue_journey_(hololive),66
u2_(u2_85269),66
futanari-chan_(akiamare),66
virgin_mary,66
chocolate_on_pectorals,66
cummerbund,66
pornstar,66
whoop_catsuit,66
class_change,66
grasshopper_inoue,66
writing_on_ass,65
videocassette_recorder,65
code_geass:_fukkatsu_no_lelouch,65
aerith_gainsborough_(white_floral_dress),65
ledo_vassar,65
yotsuba_(kyokugen_dasshutsu),65
tamamo_no_mae_(sexy_bikini)_(fate),65
nekokan_masshigura,65
biting_ass,64
nude_beach,64
sophia_(manus_vindictae)_(reverse:1999),64
triple_vaginal,64
hobble_skirt,64
prostate_massager,64
guided_crotch_grab,64
child_abuse,64
chatsune_(white_lolita),64
kaname_(emanalc),64
violetgrass,64
sassakntm,64
holding_grass,63
sparkle_facial_mark,63
artificial_vagina_with_body,63
smelling_pussy,63
mad369,63
hassai,63
cassandra_dimitrescu,63
sumassha_t_t,62
mistress_(dungeon_and_fighter),62
implied_anilingus,62
itou_shizu_(assault_lily),62
pussy_tentacle,62
knee_boobs,62
hasshaku-sama_(cosplay),62
sieg_(sherman_69),62
shokei_shoujo_no_virgin_road,62
japan_commercial_broadcasters_association,62
evangeline_a.k._mcdowell_(adult),62
ryu_(17569823),62
orc_massage,62
2nd_generation_(hololive),61
bassoon,61
framed_crotch,61
loli_ruri,61
smelly_penis,61
cat_penis,61
cassandra_vole,61
animal_on_ass,61
pink_loli_(rinechun),61
maguro_(minase1684),61
hihizaru_badass,61
paizuri_while_penetrated,61
toramaru_(696anna),61
emu_(losspass),61
mythbreakers_(hololive_english),61
fullertom_(dungeon_meshi),60
mac_(pixiv31869137),60
multiple_penis_fellatio,60
green_pussy,60
azki_(2nd_costume)_(hololive),60
imamura_yukari_(assault_lily),60
super_sass,60
passionlip_(fate)_(cosplay),60
maguro_kan,60
metroid_(classic),60
tiki_(adult)_(fated_divinity)_(fire_emblem),60
kidatsu!_dungeons_lord,60
slapping_with_breasts,60
code_geass:_soubou_no_oz,60
the_legend_of_zelda:_phantom_hourglass,59
executioner_maid_(centuriic),59
pussy_on_glass,59
sooma4869,59
pectorals_on_glass,59
kyoudaidon_(sex),59
gunner_(dungeon_and_fighter),59
kyokugen_dasshutsu_adv:_zennin_shibou_desu,58
pouring_onto_pussy,58
cats_are_scared_of_cucumbers_(meme),58
mejiro_bright_(starry_snow_lolita)_(umamusume),58
janus_(fright-night_scaredy-cat)_(azur_lane),58
taiyakippassion,58
assal_(sennen_sensou_aigis),58
green_facial_hair,58
weighing_breasts,58
fubumicomet_(hololive),57
packpatty_(dungeon_meshi),57
uzi_(murder_drones),57
v_(murder_drones),57
grass_miku_(project_voltage),57
massive_kagawa,57
bead_sex_machine,57
lamsass,57
executioner_smough,57
hand_glasses,57
viscum,56
electric_razor,56
nipple_injection,56
glasses_kappa,56
floral_bow,56
rafael_(coral_island),56
cat_testicles,56
rasson,56
adultonly,56
buubuu_(loli69),56
sugino_(patrassyar),56
kobassy,55
precum_pool,55
tsukioka_yui_(oyasumi_sex),55
blue_anus,55
aisa_(micuma),55
buchu14569590,55
corallo,55
punishment_game,55
yamaguchi_chihiro_(assault_lily),54
passimian,54
makina9696,54
yoshiyuki_(nein69yoshiyuki),54
gurobeya,54
dougaku_(passionpit777),54
ass_expansion,54
hassan_of_serenity_(merry_sheep)_(fate),54
floral_flowlove,54
cum_on_neck,54
arachne_boy,54
scratching_ass,54
alraune_(p&d),54
horse_pussy,54
chikan_saresou_ni_natteiru_s-kyuu_bishoujo_wo_tasuketara_tonari_no_seki_no_osananajimi_datta,54
parasite_eve_the_3rd_birthday,53
tate_ware_anal,53
cas_cassis,53
oseto_(oxxsexxto),53
holding_hourglass,53
mark_(coral_island),53
massoukei,53
ass_zipper,53
yamanushi,53
akabane_(pixiv3586989),53
cum_on_horns,53
tales_of_phantasia:_narikiri_dungeon_x,53
ilia_coral,53
condom_on_ass,53
cheria_barnes_(little_imp),53
cum_on_goggles,53
yoga_kimimaro,53
rosalyn_(hololive),53
sex_through_torn_clothes,53
virginia_robertson,53
assassin_(fate/zero)_(cosplay),52
daigorou_(42036928),52
towel_around_breasts,52
ririka_(#compass),52
yu_grassbird,52
affliction_(darkest_dungeon),52
wiping_pussy,52
glassy0302,52
samu_(sam_deg369),52
glasses_case,52
penis_head,52
zon_(dungeon_meshi),52
naoharu_(re_barna),52
witch_(dungeon_and_fighter),51
breasts_on_shoulders,51
sexy_commando_gaiden:_sugoiyo!_masaru-san,51
lovebgmilf,51
bass_drum,51
essex_(craft_fairytail)_(azur_lane),51
porno_dianno,51
amane_(yukiango69),51
kanonno_grassvalley,51
makoto_(roketto-massyumaro),51
dolphin_penis,51
lass_(pokemon)_(cosplay),51
tasselcat,51
pokemon_mystery_dungeon:_red/blue_rescue_team,50
virginia_(unicorn_overlord),50
aerith_gainsborough_(floral_delight),50
tzk6996,50
loliconboyz,50
hima_(nichikan),50
spade_facial_mark,50
lipstick_mark_on_pussy,50
funasshii,50
surprise_buttsex,50
instance_domination,50
chickenvomit,50
hanusu,50
free_sex_sign,50
hamaguri-san_(hamagur69200744),50
tifa_lockhart_(passion_mermaid),49
nokotan_entering_a_classroom_(meme),49
kuyo_mizuki_(675391969),49
sex_underworld_e_youkoso!,49
shared_artificial_vagina,49
lensless_glasses,49
aoseagrass,49
pussy_juice_in_container,49
pussy_grip,49
male_fighter_(dungeon_and_fighter),49
sword_master_(dungeon_and_fighter),49
senbiki_(nonono69),49
pul_(gks569),49
blue_facial_hair,49
sailor_uranus_(cosplay),49
penis_bow,49
flare_earlgrande_gioral,49
servants_holding_aphrodite's_breasts_(meme),49
rizeass,49
code_geass:_genesic_re;code,48
upright_69,48
kimassi,48
framed_pectorals,48
colored_cum,48
corporalblake,48
black_knife_assassin,48
classicaloid,48
severed_penis,48
tatara_maguro,48
vagina_dentata,48
executioner's_sword,48
bojue_yu_yaojing_695657,48
ass_blush,47
c.q._cumber_(splatoon),47
tokino_sora_(hololive_summer_2019),47
cumdrip_through_clothes,47
gawain_(code_geass),47
dimas_(dimas79756948),47
tickling_ass,47
codename696,47
sharan_(dungeon_and_fighter),47
shin'ya_(330696),47
yuu_(1969loy),47
penis_in_swimsuit,47
code_geass:_lost_colors,47
satyr_(halloween)_(granblue_fantasy),46
eliot_(eokaitekaite969),46
female_crusader_(dungeon_and_fighter),46
coral_(summon_night),46
doneen69,46
opera_glasses,46
censored_testicles,46
chaos_(dungeon_and_fighter),46
melantha_(letters_from_wessex)_(arknights),46
shingeki_no_bahamut:_virgin_soul,46
ttaji_(pass35),46
the_texas_chainsaw_massacre,46
idlecum,46
virginia_kissless,46
snuffy_(vtuber)_(smilfy),46
assassin_(granblue_fantasy),46
nyanpassu~,46
penis_wrap,46
sexy_beautiful_(idolmaster),46
frilled_tankini,46
assassin's_creed:_brotherhood,46
penis_envy,46
shioajiass,45
0th_generation_(hololive),45
steelball_(jwk76806995),45
minus_zero69,45
money_between_breasts,45
glass_footwear,45
iseenudepeople,45
joshdinobarney,45
evolved_virgin_killer_sweater,45
pussy_steam,45
just_do_sex_(unspoken),45
robot_hunter_casshern,45
maruta_(shummylass),45
lupin_barnabi,45
masso_nullbuilt,45
nanaly_(sennen_sensou_aigis),45
loliel_(toshizou),45
irodori_koukou_gasshoubu_yori,45
wed_(lim38869577),45
cassini_m_bisuko,45
fanning_breasts,45
braided_ponytail_lamia_(dungeon_meshi),44
biting_testicles,44
1st_generation_(hololive),44
male_mage_(dungeon_and_fighter),44
breasts_on_thighs,44
mechanical_pussy,44
janus_(fear_of_changing...clothes)_(azur_lane),44
brass_(medarot),44
floral_dissolve,44
captured_alien_(meme),44
nipple_weights,44
aliasse,44
orichalcum_reycal,44
mao_(code_geass),44
loli_fox_girl_(mdf_an),44
assassin's_creed_iv:_black_flag,44
ruushii_(lucy_steel6969),44
bruise_on_ass,44
razor_blade_earrings,43
ipod_classic,43
carddass,43
guided_pectoral_grab,43
barnabas_tharmr,43
gibson_sg_(bass),43
glass_container,43
hannari369,43
torture_tortura,43
milfcookiesimp,43
razor_blade_hair_ornament,43
xochi_(nueeen6978),43
cassius_(granblue_fantasy),43
penis_on_tongue,43
hassan_(dq6),43
nogreen,43
star_fox_assault,43
masshu_(shu_123426),43
teke_(exploration),43
kyokugen_chikan_tokuiten_2,43
penis_nipples,43
suenaga_(progressive),43
casserole,43
ass_rubbing,42
yu_seol_69,42
glowing_glasses,42
spirit_albarn,42
ago_maguro,42
mamiru_(42105269),42
tentacle_between_breasts,42
mink_(dramatical_murder),42
eleonore_giovanna_gassion,42
crotch_ribbon,42
tsubuki_(ron-bb69),42
muranushi_sayuri,42
frilled_chemise,42
finger_between_breasts,42
assassin's_creed:_revelations,42
roteri_(roteri_69),42
rozaliya_olenyeva_(coral_sunrise),42
shaving_armpit,42
kashino_(robust_floral_strings)_(azur_lane),42
massigura,42
qwas69,41
twitching_pussy,41
smok_(hololive),41
presenting_pectorals,41
iii_(hololive),41
reo-illust4696,41
hii_(aisiteru6918moon),41
assless_swimsuit,41
keep_this_a_secret_from_everyone_in_class,41
menou_(virgin_road),41
gokkun_tororojiru,41
transparent_breasts_pads,41
imminent_vomiting,40
x_facial_mark,40
cass_hamada,40
ferrus_manus,40
artanis69xd,40
cum_in_gloves,40
yogiri_(hololive),40
glowing_pussy,40
ms.assistant,40
massuru,40
barnaby_brooks_jr._(cosplay),40
stained_glass_print,40
nami_(cassette),40
redoredo_(godprogress),40
hand_on_breasts,39
cassius_(phantom_of_the_kill),39
nudist_beach_ni_shuugakuryokou_de!!,39
penis_earrings,39
tiki_(adult)_(bridal)_(fire_emblem),39
insane84699530,39
birthday_glasses,39
blood_on_pectorals,39
kirby_mass_attack,39
thrud_(swimsuit_assassin)_(fate),39
parasite_eve_ii,39
graverobber_(darkest_dungeon),39
cheria_barnes_(innocent_maiden),39
dassault_rafale,39
gurochii,39
lost_passage,39
subachocolunatan_(hololive),39
waku_waku_puyo_dungeon,39
makoto_(bk69and7),39
sexy_gals_(idolmaster),39
sen_(sen69),39
senshi_(half-foot)_(dungeon_meshi),38
azki_(dress)_(hololive),38
dia_(dungeon_meshi),38
zatsu_(zasshu_neko),38
maddo_(gasser_0518),38
leash_between_breasts,38
chie_t19690428,38
world_baseball_classic,38
monosex,38
mizuha_(pixiv56938668),38
4st_injection,38
plant_sex,38
guropara,38
mononofu_~shirayuri_kassen_maihime~,38
ogre_battle,38
fushiguro_tsumiki,38
dio_(casshern_sins),38
pokemon_super_mystery_dungeon,37
mrlsexdoll,37
toumei_4869,37
fight_class_3,37
blood_on_penis,37
red_penis,37
female_mechanic_(dungeon_and_fighter),37
murasaki_(kyokugen_dasshutsu),37
mandragora_(ange_katrina),37
sengoku_hanafuda_kassen,37
kana_(ky4696),37
hassan_of_serenity_(fate)_(cosplay),37
glass_(tate_no_yuusha_no_nariagari),37
passion_flower,37
psp26958748,37
glass_floor,37
noro_assumed,37
yuusha-chan_(gassaku_no_hito),37
jack_masser,37
4_virgin,37
crotch_pull,37
sukasshu_(mroooo),37
asskiler,37
mask_on_breasts,37
bass_(fish),37
manny_ambassada,37
amy_razor,37
uro_(m369),37
hololive_friends_(plush),36
sex_battle,36
poking_pussy,36
chiyoganemaru_(tenka_hyakken),36
dryad_fruit_(dungeon_meshi),36
hololive_shadow_puppet_(meme),36
glass_shard,36
assassination,36
aki_rosenthal_(gothic_lolita),36
mass_production_nora_cat,36
noise_(classic_diva)_(nikke),36
matsunaga_maguro,36
restroom_sign,36
yeh_(354162698),36
urethral_penetration,36
tail_between_breasts,36
shadow_dancer_(dungeon_and_fighter),36
cum_in_headwear,36
passimo,36
ling_(doraling12),36
ruhanalove,36
kissing_ass,36
mercedes-benz_g-class,36
torture_dance,36
no_name_assassin_(fate),36
enchantress_(dungeon_and_fighter),36
sex_teacher_tsuyoshi,36
implied_strap-on,36
wayward_passenger,35
badnick69_(camchi),35
illyasviel_von_einzbern_(assassin_install),35
red-50869,35
kassan_(kassan_5a),35
optimus_prime_(shattered_glass),35
passion!!!!!!_(love_live!),35
lube_on_breasts,35
oissu_tiwassu,35
myrain56991013,35
feeling_facial_hair,35
implied_after_paizuri,35
torn_unitard,35
grappler_(dungeon_and_fighter),35
azki_(1st_costume)_(hololive),35
spread_urethra,35
milla_the_temporal_magician,35
sleepy69,35
assassin's_creed:_unity,35
ilassa_(elh),35
licking_pectoral,35
eremite_floral_ring-dancer_(genshin_impact),35
cumcmn,35
kassadin,35
virginia_glynnberets,35
demon_slayer_(dungeon_and_fighter),35
zettai_ryouiki_sex_royale!!,35
snake_penis,35
cum_puddle,35
huahua123569,35
bucket_punishment,35
dragon_knight_(dungeon_and_fighter),35
maguroido,35
cassio_yoshiyaki,35
assassin's_creed:_valhalla,35
m110_sass,34
octoglasses_(splatoon),34
gurokawa,34
helly_(helly56956),34
coralreef966,34
see-through_chemise,34
arianaleonardo,34
spreading_another's_anus,34
mole_on_testicles,34
compressed_breasts,34
calder_(pixiv3698273),34
tumbler_glass,34
succubus_(dungeon_meshi),34
facial_hair_through_mask,34
masamu_(leonore69),34
sexy_mystic_survivors,34
amase_(siki696),34
gassan_aya,34
manasseh,34
death_by_lolis,34
danusko,34
glass_chair,34
elven_knight_(dungeon_and_fighter),34
neko_(natsuiroclassic),34
janus_cascade,34
s67569077,34
asso,34
3692materia,34
asexual_flag,33
controller_between_breasts,33
water_on_glass,33
janus_zeal,33
shinkiro_(hololive),33
cum_in_ear,33
poking_ass,33
self-pornography,33
hoshina_(78737696),33
airship_assassin_wraith,33
animal_abuse,33
ushiwakamaru_(swimsuit_assassin)_(third_ascension)_(fate),33
wassmint,33
ryoga,33
holding_compass,33
punk_lolita,33
lolipantherwww,33
yogatari_tobari,33
arane_(lolitwin),33
sassa_(cb),33
analogue:_a_hate_story,33
isekai_sakaba_no_sextet,33
lensu_(lotus36936936),33
yoga_doujou_(misawajima),33
hands_on_another's_ass,32
matchamassa,32
kemololi,32
aviator_glasses,32
floral_print_panties,32
code_geass:_dakkan_no_roze,32
holding_glass_shard,32
kachimachi_kosuzu's_classmate,32
freeglass,32
cum_on_picture,32
penis_slip,32
yamichi_(yamichi8369),32
scalp_massager,32
pansexual_flag,32
massakasama_(style),32
torso_only,32
sussex_(azur_lane),32
pilolimaru,32
assi,32
v2_assault-buster_gundam,32
essex_(a_trip_down_route_66)_(azur_lane),32
trip_(dramatical_murder),32
nen_master_(dungeon_and_fighter),32
coach_(artist),32
doris_(hololive),32
penis_in_eye,32
slapping_penis,32
yuan_(xp1447998769),31
sexy_or_cute?,31
hand_grabbing_both_breasts,31
bound_penis,31
hotomura_(muramura69),31
vomiting_blood,31
glass_no_kamen,31
partially_opaque_sunglasses,31
zippo_(2387576974),31
delgal_(dungeon_meshi),31
military_lolita,31
hildr_(swimsuit_assassin)_(fate),31
sugar_rush_(hololive),31
mon-chan_(assault_lily),31
yaad_(dungeon_meshi),31
phone_sex,31
peter_strasser_(chronos's_kalendae)_(azur_lane),31
cucumbear073,31
ass-to-breast,31
ava_(orc_massage),31
kuri-magu_kuroguro,31
peter_strasser_(a_moment_frozen_in_pure_white)_(azur_lane),31
kassitta,31
glass_plate,31
kyouji_kasshu,31
dungeon_of_regalias,31
ortlinde_(swimsuit_assassin)_(fate),31
urinal_bottle,31
classictime,31
matt_cummings,31
glass_of_conchita,31
murata_himeko_(rosy_passion),31
messenger_(41986996),31
dungeon_people,30
a_passing_phantom,30
pita_goral,30
how_is_the_progress_(meme),30
plague_doctor_(darkest_dungeon),30
muscle_cuirass,30
irys_(new_year)_(hololive),30
xenosexual,30
lightning_crotch_(meme),30
futanari_no_elf,30
exploration_ship_(eve_online),30
1693193543,30
living_armor_(dungeon_meshi),30
dokodemo_dungeon,30
cum_on_wall,30
sex_slave,30
penis_bell,30
assuka_takeda,30
saint_(dungeon_and_fighter),30
farmer_(coral_island),30
aki_rosenthal_(hololive_summer_2019),30
ten_year_artist_progress_record,30
rafumu_(pigmoore369),30
twin_milf,30
floralmi,30
glasslip,30
t91_assault_rifle,29
coraline,29
stygian_zinogre_(armor),29
cassin_(retrofit)_(azur_lane),29
pink_chemise,29
imminent_murder,29
devyat_association_(identity)_(project_moon),29
annasassiart,29
intestines_filled,29
shiroimaru4869,29
hanasaka_(9769z),29
kirschwasser,29
sex_life,29
cuirassier,29
parasite_crest,29
gomadare4869,29
purple_facial_hair,29
reisende1969,29
lolinnez.,29
kasshoku_danchi_e_youkoso,29
elysion_(16869144),29
ganguro_(zerodigiporu),29
kirimi_maguro,29
gassun,29
competitive_sex,29
tenguro,29
pokemon_between_breasts,29
masshimo_(dqb2),28
purple_penis,28
own_cum_on_tongue,28
blonde_facial_hair,28
virgin_vs_chad_(meme),28
gozen_(assault_lily),28
small_lamp_grass,28
pointing_at_crotch,28
baicumikuo,28
leed_(dungeon_meshi),28
ari_(class_of_09),28
oufi_association_(identity)_(project_moon),28
anal_vore,28
majesty_(dungeon_and_fighter),28
maxturbo69,28
cassowary,28
vaginal_calligraphy,28
glass_cockpit,28
kotomine_(a1569),28
crotch_mousepad,28
officio_assassinorum,28
freedom_(aass5404),28
nursing_paizuri,28
gurongi,28
369-chan,28
cumjar_(meme),28
king_maguro,28
cassie_(paladins),28
asshuku,28
assert_your_dominance_(meme),28
massugu_go,28
bassdrum,28
sei_(dramatical_murder),28
koy_(4767269),28
kasshoku-chan_(katuo1129),28
okota1869,28
lazy_dungeon_master,27
penis_hot_dog,27
passenger_(dream_in_a_moment)_(arknights),27
double_paizuri,27
imminent_penis_severing,27
hololive_fantasy_1st_anniversary_outfit,27
leegh19769,27
pouring_onto_penis,27
cum_on_desk,27
maka_albarn_(cosplay),27
assa,27
sg2907369,27
kissing_pectoral,27
parasite_(vocaloid),27
guroo_(shine119),27
inoshishi969,27
enudesuga,27
ore_dake_haireru_kakushi_dungeon,27
templar_assassin_(dota),27
sakura_dungeon,27
ryuuguu_yassuu,27
hasetsu_(hasss0113),27
blowing_on_penis,27
classical_maid_(project_sekai),27
pepsi_ice_cucumber,27
ryukow_masseau,27
super_sailor_uranus_(stars),27
gothic_lolita_(chocolate_shop),27
auto_tentacle_sex,27
junpei_(kyokugen_dasshutsu),27
sibi2028_pectoral_grab_(meme),27
adult_aongly,27
haguro_(aoki_hagane_no_arpeggio),27
grass_block,26
sexmiss,26
touching_another's_crotch,26
ts_loli_oji-san_no_boukan,26
condom_in_ass,26
mutie_(timestables),26
colored_penis,26
fellatio_through_clothes,26
sad_girl_sex_(vocaloid),26
irys_(race_queenrys)_(hololive),26
eridanus_(constellation),26
grassy,26
i_really_like_wearing_sunglasses_(meme),26
jamble04126992,26
coraline_(film),26
hugging_ass,26
glass_girl_(niwatori5948),26
wesatinthecar,26
6f6d6f7269,26
inaka_ni_kaeru_to_yakeni_natsuita_kasshoku_ponytail_shota_ga_iru,26
eating_during_class,26
assistant_(mechanical_buddy_universe),26
ipass_(yi_ka_tong),26
dungeon_maker,26
haraguro_jakku,26
shaman_(dungeon_and_fighter),26
southern_cassowary_(kemono_friends),26
razor_is_cute,26
shiratsuki_(1ka6969),26
arachne_(housamo),26
apulaz_(crossbow_pussycat),26
archer_class_(fate),26
moyashi_(pixiv44153669),26
maguro_(guromaguro),26
dat_ass_(meme),26
renren_(pixiv22963369),26
orichalcum_reycal_duo,26
anus_piercing,26
barnette_orangello,26
virus_(dramatical_murder),26
niels_(kyokugen_dasshutsu),26
alraune_(monster_girl_encyclopedia),26
rexfaxsex,26
rai_(code_geass),26
sassy_(ronindude),26
cutlass_(girls_und_panzer)_(cosplay),26
amanatsu_(amanatu5069),25
assault_ship_(eve_online),25
canalbooks1125,25
chadcast_(hololive),25
progress_pride_flag,25
holding_razor_blade,25
hololive_super_expo_2024_outfit,25
shapeshifter_(dungeon_meshi),25
spitting_cum,25
hands_on_another's_crotch,25
robot_penis,25
pussy_eating_monster,25
emily_(class_of_09),25
galleon_(life's_compassionate_observer)_(granblue_fantasy),25
chikan_sen'you_sharyou,25
kobutya4696,25
irene_(ricky_barnes),25
train_(the_murder_of_sonic_the_hedgehog),25
object_on_ass,25
dungeonbgm,25
class_no_gyaru_ga_nazeka_ore_no_gimai_to_nakayoku_natta.,25
orc_(orc_massage),25
censored_urethra,25
telogreika,25
saimin_class_wonderful,25
comic_milf,25
amoretta_virgine,25
passion_harp,25
tamaki_(glass_bottle),25
nadia_cassel,25
oishi_(psycho-pass),25
ruruka_(#compass),25
lucabassiart,25
fran_690,25
masshiromilktea11014,25
kassim,25
moralltach_(fate),25
haguro_(azur_lane),25
morinaka_kazaki_(adult),25
onaji_class_no_idol-san._around_me_is_full_by_a_celebrity.,25
cum_on_underside,25
hub_lass,25
phi_(kyokugen_dasshutsu),24
blue_grass,24
kuuwassy,24
cucumber_on_face,24
rin_(bassist)_(muse_dash),24
implied_ass_grab,24
testicles_press,24
cat_on_ass,24
leper_(darkest_dungeon),24
mksk_69,24
spectre_(dungeon_and_fighter),24
anilingus_through_clothes,24
building_sex,24
mocucumo,24
breast_torture,24
little_lass_(ishiyumi),24
lifeguard_cassidy,24
itak69,24
injection_fairy_lily,24
barn_swallow,24
blood_from_vagina,24
gumina_glassred,24
assault_suits_series,24
eye20806972,24
pussy_hold,24
inquisitor_(dungeon_and_fighter),24
tololi,24
passevo,24
violetcoral,24
glowing_anus,24
maya_(ricky_barnes),24
guarani_(muku_6930),24
makura_(makura_369),24
guro_cure,24
paguroidea,24
brassard,24
raito_(280089691),24
saber_class_(fate),24
sexy_panthers_(idolmaster),24
kazuya_lolicon,24
galaxy_dungeon,24
jester_(darkest_dungeon),23
clay_(dungeon_people),23
senshi_(elf)_(dungeon_meshi),23
mainichi_kiss_shite_lolita,23
olympic_shooting_glasses,23
floral_print_bra,23
penis_doodle,23
vassago_(iron_saga),23
hair_between_ass,23
tsukioka_akira_(oyasumi_sex),23
tassel_loafers,23
coraline_jones,23
glowing_crotch,23
dracumon,23
kuroihassan,23
yuu_li_(glass),23
iris769675331,23
hamhassy,23
executioner_maid_(apprentice)_(centuriic),23
scathach_(swimsuit_assassin)_(fate)_(cosplay),23
ace_virgin,23
unzipping_with_mouth,23
sex_shop,23
waist_tassel,23
on_ass,23
lifeguard_(lilo_&_stitch),23
zeldass_(meme),23
penis_to_pectoral,23
shijimi_(taurin69),23
yezhi_(48693232),23
estellise_sidos_heurassein_(magical_maiden),23
mebachi_maguro_(trok_mebachi),23
janus_(pantheon),23
yukikaze_(aaassszzz),23
code_geass:_nunnally_in_wonderland,23
raypass,23
futanari_shoujo_no_shasei_nikki,23
tiki_(adult)_(resplendent)_(fire_emblem),23
kmkm9696,23
bandaid_on_anus,23
essex_(brush_and_ink)_(azur_lane),23
flolium_blosselliand,23
ruruguno_janus_enfinus,23
cumbie,23
sexy_squid,23
penis_rest,23
barnaby_brooks_sr,23
penis_on_glass,23
leda_(casshern_sins),23
sitting_on_breasts,23
penis_tail,23
lasse_aeon,23
yasson_yoshiyuki,23
daisy_chain_(sex),23
leuvenklasse,23
eyebrow_twitching,23
guroto,23
zassou_(taitakoiri),23
komeichou-69,23
saimin_class,23
sakurapain6918,23
laikass,23
lancer_class_(fate),22
bucumberr,22
penis_under_clothing,22
awastegrass,22
kaming3698,22
prehensile_facial_hair,22
self-cannibalism,22
two-tone_unitard,22
moguro_(qianchul),22
karassawa,22
assassin_rabbit,22
floral_print_thighhighs,22
braised_cutlass,22
pectoral_bondage,22
gun_fellatio_(shingeki_no_kyojin),22
yuden6969,22
edi_(mass_effect),22
megamegaglass,22
j_(murder_drones),22
fushiguro_yaya,22
chikan_da_~shinri_counselor_meika_no_shinryou_kiroku~,22
assist-a-roid,22
haru_uso_-passing_memories-,22
cucumber_quest,22
scumon,22
eguroy,22
geravass,22
enden_(pixiv_57969220),22
zeke_(analogmon),22
leash_on_penis,22
zeka_massi,22
mason_69,22
kan'ochi_x_netorare_kazoku_~anata_yurushite._watakushi-tachi_uwaki_sex_ni_honki_de_hamacchatta_no~,22
catherine_glass,22
lifeguard_yuze,22
classroom_crisis,22
salamis_class,22
monk_(dungeon_and_fighter),22
code_geass:_nightmare_of_nunnally,22
fatmanass,22
essex_face,22
yyano4691,22
fk696,22
wet_crotch,22
song26929,22
david_nassau,22
es_(glasscastle),22
floral_embroidery,22
cum_writing,22
onna_kyoushi_to_jugyouchuu_ni_sex_dekiru_danshikou,22
floral_print_bow,22
scarf_over_breasts,22
magurosamm,22
erection_under_shirt,22
603_(lolipop),22
assassin_(fate/samurai_remnant),21
vaginal_jewelry,21
chroemaguro,21
massacre,21
mega_man_&_bass,21
pov_facial,21
devilmaguro,21
fionil_(dungeon_meshi),21
green_penis,21
toguro_ani,21
kingcumlord,21
mimi_(ricky_barnes),21
sd4869,21
mizuha_(zxass0612),21
wakou_(zassou_tamashi),21
na-class_destroyer,21
5th_grade_loli,21
airazor,21
gassan_kunimitsu,21
sexy_beach,21
tasse_jj,21
cassiopeia19,21
coral_(fate),21
isekai_milf_hunter,21
sex_and_dungeon,21
yuu_(pixiv769259),21
sassa_(onion),21
uncommon_pussy,21
nude_male_naked_apron_female,21
stygian_zinogre,21
glass_eye,21
rasshel,21
code:coral,21
analoguma,21
panthalassa_(racehorse),21
seven_(kyokugen_dasshutsu),21
floralia+,21
mass_effect:_andromeda,21
stealth_paizuri,21
yamaguro_nekuro,21
haruna_(free_time_before_class)_(azur_lane),21
auroralivevr,21
roa_(passingpleasures),21
tass,21
yyy9696yyy,20
charmy_(assault_lily),20
pregnancy_progression,20
penis_neck,20
holding_cum,20
beni_(dramatical_murder),20
sanwei16909,20
lifeguard_tower,20
has_uncensored_revision,20
essex_(crossbones_especial)_(azur_lane),20
mujintou_de_sex_ni_kyoumi_shinshin_na_dosukebe_inkya_joshi-tachi_to_harem_life,20
anal_hair_peek,20
daidai_(318706698),20
tumblr_sexyman_tournament,20
maritsu_loli_succubus_youmaen,20
conductor_(the_murder_of_sonic_the_hedgehog),20
gamjasssak,20
manuscript_paper,20
manus_(manuspupa),20
anal_wink,20
satin_lingerie,20
hair_over_ass,20
red_dragon_(dungeon_meshi),20
club_facial_mark,20
mizuki_(dramatical_murder),20
echoes_(cassandratree),20
psycho_(hololive),20
kutori_(dungeons_and_princess),20
sophie_(gothic_lolita)_(tales),20
blue_(jurassic_park),20
hourglass_02,20
cummings,20
kitoralsus,20
sayo0692,20
sunsalsexy,20
oral_sandwich,20
blackmorass,20
noa_(retsuhim6927),20
pyukasshori,20
gaming_penis_ikebana_(meme),20
e-razor,20
penis_under_breasts,20
batgirl_costume_(2021_cassandra),20
lolittleboy,20
hassaku_tsuyuri,20
yass_hero,20
miles_g._morales,20
zassou_(ukjpn),20
dungeon_crusaderz,20
santa_(kyokugen_dasshutsu),20
necromancer_(dungeon_and_fighter),20
cheria_barnes_(campus_cutie),20
massabou2,20
drinking_own_cum,20
hair_on_penis,20
coral_3535,20
cum_in_cloaca,20
2023_world_baseball_classic,20
raguro,20
hololive_1st_generation_anniversary_outfit,20
magurosu_(xgpy8228),20
dungeon_tou_de_yadoya_wo_yarou,20
pyuu_(the_last_assassins),20
z1_leberecht_maass_(warship_girls_r),20
canal001,20
