序号,画师
1," "
2,kedama milk
3,amyu (amm asl pa)
4,hoji (hooooooooji1029)
5,kaki z3
6,mitsu (mitsu art)
7,bubble99
8,shuiruoqing
9,weri
10,amashiro natsuki
11,nekojira
12,wlop
13,kaguyuzu
14,lard (kumazakiyuta)
15,tsunako
16,nikorashi-ka
17,shiben (ugvu5784)
18,aos
19,yd (orange maru)
20,demizu posuka
21,nardack
22,satou kuuki
23,abpart
24,snow is
25,jeze
26,hwansang jungdog
27,modare
28,ogipote
29,michiking
30,papino
31,prab
32,binggong asylum
33,poco (asahi age)
34,m-da s-tarou
35,meion
36,poharo
37,rea loixacra
38,ohisashiburi
39,shiratama (shiratamaco)
40,momoko (momopoco)
41,akakura
42,reoen
43,hong bai
44,kanju
45,tiv
46,mignon
47,club3
48,tidsean
49,piyo (pixiv 2308057)
50,chen bin
51,yunsang
52,ningen mame
53,yusha m
54,yanyo (ogino atsuki)
55,jima
56,misaki kurehito
57,kani biimu
58,dikko
59,misaka 12003-gou
60,sy4
61,ame 816
62,ke-ta
63,ama mitsuki
64,da mao banlangen
65,ciloranko
66,omone hokoma agm
67,yoneyama mai
68,sakura yuki (clochette)
69,cogecha
70,dishwasher1910
71,akizero1510
72,rororo
73,sola (solo0730)
74,amai-pai
75,reia 76
76,toosaka asagi
77,mochirong
78,netural
79,mocha (cotton)
80,blade (galaxist)
81,kome cola
82,kcar66t
83,rurudo
84,tony taka
85,tsukishiro saika
86,ask (askzy)
87,karaage bou
88,marse (rokudaime)
89,sade abyss
90,cierra (ra-bit)
91,quan (kurisu tina)
92,miv4t
93,waterring
94,toridamono
95,beni shake
96,sankyo (821-scoville)
97,shirabi
98,kaede (yumesaki kaede)
99,qing wu
100,fuzichoco
101,kfr
102,artsheops
103,as109
104,batsu
105,ikeuchi tanuma
106,puriketsu corgy
107,aosaki yukina
108,qian wu atai
109,shion (mirudakemann)
110,silver bullet (ecc12 8)
111,shiroshisu
112,teffish
113,rin yuu
114,toraishi 666
115,kat (bu-kunn)
116,anmi
117,kyokucho
118,pottsness
119,atdan
120,soraneko hino
121,morikura en
122,scottie (phantom2)
123,rhasta
124,sakkama
125,infukun
126,houkisei
127,senri gan
128,rosumerii
129,noyu (noyu23386566)
130,kousaki rui
131,ran'ou (tamago no kimi)
132,kukka
133,kesoshirou
134,dermar
135,torino aqua
136,tokkyu
137,matanonki
138,38 (sanjuuhachi)
139,yu hydra
140,mbr90munouk
141,gin mitsu
142,qiandaiyiyu
143,suerte
144,oli o o
145,ignite (artist)
146,kuse (0201)
147,lordol
148,shexyo
149,tansuan (ensj3875)
150,kai (ootamuno12)
151,kojo (0124)
152,liang xing
153,lwj
154,nidaime (doronbo)
155,freng
156,jl tan
157,yamaha tsui
158,boris (noborhys)
159,teddy (khanshin)
160,cluseller
161,rikui (rella2930)
162,yoshiheihe
163,yampa
164,classic (zildjian33)
165,akita hika
166,araneesama
167,tupiao shaonu
168,oekakizuki
169,omelet tomato
170,siu (siu0207)
171,gomi (hakumaiteacher)
172,preview (preview0)
173,liangfen
174,uirotori
175,love cacao
176,lubikaya
177,masaki (ekakiningen)
178,shellvi
179,narodenden
180,tousaki umiko
181,kairunoburogu
182,yogisya
183,puuzaki puuna
184,hisiya (wldn1112)
185,no (13 10 1230)
186,gray bear
187,minami (minamijkol)
188,terada tera
189,efuri (riarea00)
190,nekobell
191,tarou (komekueyo)
192,rafaelaaa
193,xfate
194,void 0
195,ibara dance
196,mijikayo
197,fkey
198,shixuexiao
199,furiousghafo
200,nishiko
201,ye jji
202,reagan long
203,kein hasegawa
204,hito komoru
205,kasumi saika
206,suinose
207,bangeningmeng
208,luse maonang
209,kuu (user gngs5284)
210,chromatic aberration
211,gyoukan (jfxc)
212,zhili xingzou
213,zourion
214,soleil (soleilmtfbwy03)
215,greem bang
216,jindogod
217,qizhu
218,myung yi
219,shokushi yuu
220,dino (dinoartforame)
221,xiao shi lullaby
222,yu1619khz
223,shunichi
224,wotmyijingwuyuwuqiule
225,mimyo
226,2 blankk
227,mixplin
228,akchu
229,botan mochito
230,kihou no gotoku dmc
231,bigrbear
232,umehara sei
233,blue gk
234,loftcat
235,hominamia
236,athenawyrm
237,sakatsuki yakumo
238,chiaspicy
239,quasarcake
240,hukahito
241,letdie1414
242,miyabino (miyabi1616)
243,iumu
244,konya karasue
245,jason kim
246,baofandxy
247,gosmfl
248,chunbuchou
249,jonsun
250,elvandec
251,ebora
252,lccc
253,gyoku seisyoku
254,brws
255,mr goblin
256,tianliang duohe fangdongye
257,sho (sho lwlw)
258,mika pikazo
259,WANKE
260,onineko
261,kawacy
262,hiten
263,henreader
264,rei (sanbonzakura)
265,mochizuki kei
266,Rella
267,minaba hideo
268,kantoku
269,kazutake hazano
270,fujiyama
271,amazuyu tatsuki
272,miyuki (miyuki0529)
273,hitomaru
274,alphonse (white datura)
275,sheya
276,gomzi
277,cutesexyrobutts
278,liduke
279,40hara
280,lam (ramdayo)
281,xinzoruo
282,icomochi
283,phantom ix row
284,namie
285,pigeon666
286,onono imoko
287,asakuraf
288,kuzuvine
289,jyt
290,maccha (mochancc)
291,hxxg
292,fagi (kakikaki)
293,yoshida akihiko
294,chiaroscuro
295,you shimizu
296,kaamin (mariarose753)
297,ishiyumi
298,naga u
299,tyakomes
300,momoco
301,Torino
302,yushe quetzalli
303,yuuhagi (amaretto-no-natsu)
304,fajyobore
305,hiro (dismaless)
306,miyase mahiro
307,piromizu
308,shimatani azu
309,maeka (kumaekake)
310,ru zhai
311,shanyao jiang tororo
312,ryou(ryoutarou)
313,alchemaniac
314,karasu raven
315,hoji(hooooooooji1029)
316,kinhasu
317,yuuji (and)
318,milk panda
319,yoshinari you
320,baku-p
321,zhibuji loom
322,asanagi
323,piyodera mucha
324,eufoniuz
325,banishment
326,mikozin
327,yonchan
328,shiro9jira
329,xilmo
330,tsubasa tsubasa
331,redrop
332,aki99
333,potg(piotegu)
334,katahira masashi
335,mikaze oto
336,enkyo yuuichirou
337,gusha s
338,hews
339,zuizi
340,observerz
341,u u zan
342,necomi
343,ashima takumi
344,hisona (suaritesumi)
345,milkychu
346,sofra
347,yamakawa
348,nonco
349,daizu (melon-lemon)
350,refeia
351,sakura (39ra)
352,simao (x x36131422)
353,cui (jidanhaidaitang)
354,nixeu
355,bee (deadflow)
356,toi8
357,fishine
358,ireading
359,timbougami
360,butterchalk
361,happoubi jin
362,rebecca (keinelove)
363,mamimi (mamamimi)
364,yago8 pp3
365,murata range
366,morino hon
367,harada takehito
368,taitai
369,luicent
370,sumiyao (amam)
371,astg
372,yamamomo (plank)
373,blue-senpai
374,tsukareta san
375,aikome (haikome)
376,kurumi (recycllamo)
377,nekoda (maoda)
378,healthyman
379,Morikura En
380,wagashi (dagashiya)
381,himura kiseki
382,tachikawa mushimaro
383,novelace
384,shigure ui
385,alpha (alpha91)
386,sencha (senchat)
387,say hana
388,dungeon meshi
389,konbu wakame
390,menyoujan
391,alp
392,murata yuusuke
393,QYS3
394,hisakata souji
395,achiki
396,skyrick9413
397,ishikei
398,mashiro shiki
399,silvertsuki
400,OKAZU
401,chyoel
402,norza
403,rucaco
404,himitsu (hi mi tsu 2)
405,yumenouchi chiharu
406,azuuru
407,djheycha
408,ponzu(catponz)
409,stu dts
410,Kyokucho
411,kamitoge supino
412,kitaku (nakamachi machi)
413,mandrill
414,parsley-f
415,dsmile
416,ebimomo
417,shuri (84k)
418,echj
419,6 (yuchae)
420,nadegata
421,k00s
422,naruse hirofumi
423,agoto
424,popqn
425,ribiadan
426,qosic
427,deadnooodles
428,mamuru
429,shnva
430,ayu (mog)
431,sasairebun
432,waterkuma
433,m k
434,migolu
435,rune (dualhart)
436,fuya (tempupupu)
437,donguri suzume
438,kaede (sayappa)
439,rinotuna
440,kokaki mumose
441,risui (suzu rks)
442,sora 72-iro
443,gawako
444,watao
445,kase daiki
446,toshizou (0714)
447,remsrar
448,hayana neru
449,neco
450,rokita
451,mochi (circle rin)
452,fumio (rsqkr)
453,huanxiang heitu
454,creayus
455,wang xi
456,kinta (distortion)
457,misaki12003
458,kitada mo
459,bacius
460,beijuu
461,bukurote
462,songjikyo
463,shisantian
464,ttosom
465,KuroBlood
466,eip (pepai)
467,rukako
468,memmo
469,hoshi (snacherubi)
470,nibiiro shizuka
471,bm tol
472,ebifurya
473,poco(asahi age)
474,nanase nao
475,meito (maze)
476,qtonagi
477,itomugi-kun
478,fujima takuya
479,null (nyanpyoun)
480,hyouuma
481,mafuyu (chibi21)
482,mikami mika
483,nuu (nu-nyu)
484,amaichi esora
485,rubi-samaasanagi
486,mvv
487,saku usako (rabbit)
488,kanzakietc
489,sasa onigiri
490,na tarapisu153
491,gochisousama (tanin050)
492,takemori shintarou
493,cool-kyou shinja
494,kojima takeshi
495,taketora suzume
496,takeuchi takashi
497,lambda (kusowarota)
498,cle masahiro
499,yapo (croquis side)
500,shiokonbu
501,zurikishi
502,ryota (ry o ta)
503,kylin
504,duoyuanjun
505,shimada fumikane
506,ame (uten cancel)
507,Endou Okito
508,oyari ashito
509,tira 27
510,ogata tei
511,bigxixi
512,allenes
513,houraku
514,yuno385
515,arsenixc
516,hagimorijia
517,asou (asabu202)
518,sarasadou dan
519,shiina kuro
520,john kafka
521,yueko (jiayue wu)
522,hagi (ame hagi)
523,kuroduki (pieat)
524,maeda hiroyuki
525,yutoka mizu
526,suimya
527,noco
528,miwano rag
529,bow (bhp)
530,doujinshi doujin
531,kasumi (skchkko)
532,murakami suigun
533,touzai(poppin phl95)
534,rolua
535,waka(wk4444)
536,au (d elete)
537,zunta
538,komota (kanyou shoujo)
539,tabi (tabisumika)
540,yuumei
541,kawakami masaki
542,koh rd
543,k-suwabe
544,iuui
545,ajishio
546,marushin
547,solar (happymonk)
548,takatsuki ichi
549,bbolalus
550,rin31153336
551,yoru nai
552,do m kaeru
553,hizuki yayoi
554,nikaidou kou
555,kannko bokujou
556,suminagashi
557,mokufuu
558,koruri
559,saru
560,romi (346 ura)
561,mazjojo
562,xssh
563,si10ra
564,mountain han
565,kahlua
566,gin00
567,muloli
568,higeneko
569,goma satoshi
570,potetos7
571,azure (capriccio)
572,suzumi (ccroquette)
573,nanaken nana
574,kotobuki utage
575,shpo
576,umishima senbon
577,gsusart
578,joman
579,shugao
580,komeshiro kasu
581,maett
582,mo (kireinamo)
583,maki keigo
584,maeshima shigeki
585,ssambatea
586,miyoshi yoshimi
587,natsuki teru
588,nakano maru
589,dede (qwea 00000)
590,takitarou
591,shuuko (s h uuko)
592,mura karuki
593,shacho (ko no ha)
594,ocha (popopogg)
595,kaorihero
596,signalviolet
597,qi7pi
598,baocaizi
599,tobimura
600,misha (ohds101)
601,op na yarou
602,momose (oqo)
603,misekai 555
604,kita senri
605,terrajin
606,13 (spice!!)
607,tokiwa midori (kyokutou funamushi)
608,tama (tama-s)
609,tenobe
610,203wolves
611,topia
612,poprication
613,barbarian tk
614,nagishiro mito
615,kazepana
616,terupancake
617,shimhaq
618,rosuuri
619,shikimi (yurakuru)
620,nyum
621,rkrk
622,syhan
623,10mo
624,coyucom
625,shouu-kun
626,gearous
627,piripun
628,colis
629,ponytail korosuke
630,hua hua de meme
631,re ghotion
632,hori (hori no su)
633,wata (attaka towel)
634,saitou naoki
635,koi (koisan)
636,idkuroi
637,haru (hiyori-kohal)
638,tachibana roku
639,midori foo
640,taesi
641,inudori
642,gya (144)
643,clear glass (mildmild1311)
644,ookuma nekosuke
645,gakky
646,hajika
647,deyui
648,kisaragi yuu (fallen sky)
649,ittokyu
650,ucmm
651,asatsuki (fgfff)
652,hanekoto
653,mappaninatta
654,kujou karasuma
655,tetsurou (fe+)
656,ro g (oowack)
657,sogawa
658,ainy
659,azuumori
660,myabit
661,miyuki ruria
662,rui (sugar3)
663,criis-chan
664,aochoku
665,mamimu (ko cha 22)
666,kouji (campus life)
667,shirokitsune
668,kemachiku
669,hagoonha
670,haru (nakajou-28)
671,luke (dydansgur)
672,suisogenshi
673,namori
674,dadijiji
675,reitou mikan
676,yuuka nonoko
677,appleq
678,tsukinami kousuke
679,tomozero
680,menma (enaic31)
681,hoojiro
682,turisasu
683,momiji mao
684,aak
685,yukie (kusaka shi)
686,mamyouda
687,miu (miuuu 721)
688,lamb-oic029
689,rariatto (ganguri)
690,keenh
691,huwari (dnwls3010)
692,mozukuzu (manukedori)
693,asazuki norito
694,hyde (tabakko)
695,mendou kusai
696,ett
697,niichi (komorebi-palette)
698,shichigatsu
699,akadako
700,swordsouls
701,sagami jon
702,sui (suizilla)
703,dev (dev0614)
704,yoon cook
705,nanoless
706,kz oji
707,teshima nari
708,yukataro
709,honlo
710,zuo daoxing
711,yana mori
712,massakasama
713,shashaki
714,ergot
715,nekoya (liu)
716,nekoume
717,yajuu
718,starshadowmagician
719,damda
720,saiguchi otoufu
721,whoosaku
722,reddizen
723,sigm@
724,katsuobushi (eba games)
725,amezawa koma
726,uenomigi
727,kim eb
728,e.o.
729,ini (inunabe00)
730,tunamayo (dsasd751)
731,cocozasa
732,mr.lime
733,ido (teketeke)
734,mochizuki shiina
735,kame (kamepan44231)
736,yunamaro
737,nekotoufu
738,hekiga (freelot)
739,jill 07km
740,matanukinuki
741,kanikama
742,sincos
743,kouyafu
744,atte nanakusa
745,loliconder
746,meinoss
747,nekonyan
748,band-width
749,e10
750,tooo
751,tamanoi peromekuri
752,mx2j
753,kobuichi
754,tinker bell
755,wasabi (sekai)
756,narduck
757,kimishima ao
758,Mizumizuni
759,kankan33333
760,muk monsieur
761,suitenan
762,miraa (chikurin)
763,isshi pyuma
764,s16xue
765,sorairo len
766,dango (uni 520)
767,meyoco
768,yuzuna99
769,yokochou
770,bai lao shu
771,nopossumachine
772,amonitto
773,sawkm
774,choco (chocolate shop)
775,Fuumi
776,Shirabi
777,Sayori
778,Ichihi
779,shoshika8888888
780,kurarome
781,haneru
782,asakai mocchinu
783,monikano
784,hakaba (dairiseki)
785,shironekoban
786,hidulume
787,meunhongcha
788,jonylaser
789,kazuhiro (tiramisu)
790,shengtian
791,nopetroto
792,namiorii
793,darklux
794,rotroto
795,namagome negi
796,shimejinameko
797,riri
798,sciamano240
799,pukara
800,noah (tettsui-sole)
801,OlchaS
802,kidmo
803,melon22
804,kincora
805,batako
806,kunaboto
807,elun (meido)
808,kakure eria
809,Jonpei
810,icecake
811,reeh (yukuri130)
812,hougu souji
813,umezawa itte
814,wenquangua
815,dokuro deluxe
816,csyday
817,mimoza (96mimo414)
818,shirable shiki
819,maiqo
820,jacknife
821,you guo chaocai
822,douya (233)
823,fenrir (fenriluuu)
824,gorgeous mushroom
825,yaegashi nan
826,aka kan
827,dm (dai miao)
828,rororogi mogera
829,ideolo
830,nababa
831,pumpkinspicelatte
832,ruton-niki
833,ZED
834,carbon12th
835,ayagi daifuku
836,usashiro mani
837,phtharticpaul
838,Ito Junji
839,atsuage (kakinop)
840,tsujii ruki
841,sukja
842,takejun
843,zantyarz
844,saitou natsuki
845,ayul (ayulneri 92)
846,yuyu (yuyuworks)
847,porforever
848,mogumo
849,shuz
850,saintshiro
851,ratatatat74
852,harogen pabirion
853,shiroshi (denpa eshidan)
854,kanda done
855,eta
856,bison cangshu
857,redi (rasec asdjh)
858,sarcophage
859,bilibili xiaolu
860,Yuko Shimizu
861,kurahana chinatsu
862,ixima
863,araki hirohiko
864,tandohark
865,muchi maro
866,itou tatsuya
867,hungry clicker
868,imaishi hiroyuki
869,mdf an
870,cha chya
871,ichika (ichika87)
872,leviathan (hikinito0902)
873,reoenl
874,sakimori (hououbds)
875,muuran
876,nanmokaken
877,tokiame
878,nineo
879,senryoko
880,sky cappuccino
881,yuzuyomogi
882,riyo (lyomsnpmp)
883,kaneko (bblogtinhan)
884,xiujia yihuizi
885,shinapuu
886,kishiyo
887,ao+beni
888,marumoru
889,gweda
890,kyockcho
891,musashi (detks)
892,tomose shunsaku
893,missile228
894,kaigen 1025
895,nanashi (nlo)
896,lm7(op-center)
897,kuromiya
898,avogado6
899,miyo (ranthath)
900,daifuku mame (kageroudt33)
901,lpip
902,kaninn
903,Kinty
904,kinako
905,ixy
906,Bae.c
907,fangdan runiu
908,artist:3j dangan
909,kamo kamen
910,yamamoto souichirou
911,yutokamizu
912,kenkou cross
913,aspara
914,norizc
915,yuio58ok
916,vanta-black
917,nia (nia4294)
918,chela77
919,kayahara
920,atha (leejuiping)
921,eleaaa
922,ruo zhishi chu jian
923,feng mouren
924,kodamazon
925,ying yi
926,xkirara39x
927,eyyy
928,nishikikope
929,done kanda
930,Hue 0813
931,kittew
932,yorunogumo
933,andi 1021
934,kubo tite
935,miyashiro ryuutarou
936,torisan
937,puririn
938,kim hyung tae
939,ruuku (azukieru)
940,hiiragi yuuichi
941,mana (remana)
942,rella
943,ebiblue
944,tyomimas
945,xiaobanbei milk
946,arakawahiromu
947,KishimotoMasashi
948,ObataTakeshi
949,StarRing
950,suginamiki
951,Bleach artstyle
952,Bloodborne artstyle
953,DARKSOULS artstyle
954,One Piece artstyle
955,lmp underneath
956,namie-kun
957,afrobull
958,akizone
959,alver
960,ATDAN
961,ATEOYH
962,b-ginga
963,bianyuanqishi
964,cancell
965,catsmoon
966,croriin
967,danimaru
968,daylightallure
969,ddal
970,doran (doran7280)
971,egami
972,ekakibito
973,fbc
974,gin (oyoyo)
975,goumudan
976,hachisan
977,hata4564
978,hatsuno xxx
979,chrysa ( sa0ru)
980,hug (yourhug)
981,inaba (usanopo)
982,iparupua
983,izumi sai
984,jjune
985,jonpei
986,kaerunoko
987,kataku musou
988,kataokasan
989,kawaguchi (mojacome)
990,kekemotsu
991,kentllaall
992,Kinhasu
993,kiyama satoshi
994,kizuki aruchu
995,lm7 (op-center)
996,machi (7769)
997,melailai
998,miebao
999,monosucre
1000,muryotaro
1001,narakuuu
1002,narue
1003,neko no youchuu
1004,nijihashi sora
1005,nilitsu
1006,nozaki tsubata
1007,nolmo
1008,nong 345
1009,nuda
1010,nueegochi
1011,nurami (shouji)
1012,nyatabe
1013,ohayosayonara
1014,onono
1015,orihi chihiro
1016,paryi
1017,poch4n
1018,potg (piotegu)
1019,qiqu
1020,ryuuzaki ichi
1021,saitou masatsugu
1022,santa (sunflower)
1023,satsuki neko
1024,senmu (senmudayo)
1025,snegovski
1026,so shio
1027,sooon
1028,sukoyaka93
1029,sylvia (huajiuhuajiu)
1030,tab head
1031,takubon
1032,tewo (tewowet)
1033,tonito
1034,Torino aqua
1035,tousen
1036,u tnmn
1037,vivi (eve no hakoniwa)
1038,wacchi
1039,wanke
1040,xiaoluo xl
1041,xiaoshou xiansheng
1042,yanje
1043,yatsuha (hachiyoh)
1044,yuu (higashi no penguin)
1045,aida (chinhung0612)
1046,ariso kaoru
1047,asutora
1048,cheonyeon-hi
1049,cloba
1050,dagasi
1051,endou okito
1052,fantongjun
1053,free style (yohan1754)
1054,fu-ta
1055,gt-apex
1056,gudlmok99
1057,hidebou
1058,horosuke
1059,jtveemo
1060,kiriyama
1061,kji (rozo)
1062,mokkori
1063,ndgd
1064,nian (zhanian)
1065,nyantcha
1066,oda non
1067,qtian
1068,sasaoka gungu
1069,shennai misha
1070,shirabe shiki
1071,soejima shigenori
1072,tomoshibi hidekazu
1073,tsune (tune)
1074,ulrich (tagaragakuin)
1075,waero
1076,zerocat
1077,zombie ke
1078,lansane
1079,nep (nep 76)
1080,kinohara kossuta
1081,hechi (hechi322)
1082,ritae
1083,nakamura rohane
1084,mizuryu kei
1085,mizone
1086,gujianshaonu
1087,joker (stjoker)
1088,kiek qaq
1089,yami anko
1090,hiten (hitenkei)
1091,kink (tortoiseshell)
1092,nicholas f
1093,95---
1094,mosou keito
1095,berserker r
1096,cuso4 suiwabutu
1097,ekrea jan
1098,soso (chlgksk110)
1099,lazyprocrastinator
1100,mirin chikuwa
1101,sabamori
1102,sukaliya
1103,alexmaster
1104,aya shobon
1105,ayuma sayu
1106,bakemonsou
1107,bokyo
1108,cary
1109,chappii (paon gunsou)
1110,devijohn
1111,doppel (bonnypir)
1112,eggplus
1113,ekoru
1114,flying-frappuccino
1115,g141
1116,gamuo
1117,glassjill
1118,hizuki akira
1119,hong (white spider)
1120,HXD
1121,ie (raarami)
1122,imazawa
1123,inaeda kei
1124,jmostro
1125,jun (navigavi)
1126,junpaku karen
1127,karei
1128,kasa (hitori sanka)
1129,kkia
1130,kyo zip
1131,lance (lancelliu)
1132,laserflip
1133,le (huanglongen)
1134,liaowen
1135,mery (yangmalgage)
1136,min lona
1137,miyayoki
1138,nanahara fuyuki
1139,nanohana (november.)
1140,naoko (naonocoto)
1141,nine (liuyuhao1992)
1142,o (jshn3457)
1143,pako (pakosun)
1144,panni xing
1145,paragasu (parags112)
1146,pnk crow
1147,pochi (pochi-goya)
1148,rindou (radical dream)
1149,ringsel
1150,rounin (amuza)
1151,setakman
1152,shirinda fureiru
1153,soaryuna
1154,solfi0211
1155,soukou makura
1156,strongbana
1157,suisai (suisao)
1158,takurowo
1159,tatami to hinoki
1160,ten no hoshi
1161,themaree
1162,tiffany blews
1163,togekk0
1164,uechin ewokaku
1165,yuyumu
1166,yyy (zelda10010)
1167,pomimi170
1168,cad (caddo)
1169,kobo (cobo 0609)
1170,spring2013
1171,z3zz4
1172,alllisso
1173,tenako (mugu77)
1174,drive shot
1175,merunyaa
1176,batta 16-sei
1177,momisan
1178,chigusa minori
1179,munseonghwa
1180,miwa shirow
1181,aetherion
1182,citemer
1183,f.k (hs225kr)
1184,inoshishi969
1185,noco (adamas)
1186,wada arco
1187,orouu
1188,supershiruco
1189,nonoyama
1190,okyou
1191,num s1x
1192,nephlite
1193,iyasu shikaku
1194,kuragetakos
1195,ziyue
1196,riko (rik0ring)
1197,atsutoku
1198,amagasa higasa
1199,optionaltypo
1200,ryou (ryoutarou)
1201,milkpanda
1202,novelance
1203,okazuwa shake
1204,ponzu (catponz)
1205,wang-xi
1206,rubi-sama
1207,touzai (poppin phl95)
1208,waka (wk4444)
1209,marushin (denwa0214)
1210,kahlua (artist)
1211,x
1212,tinker bell (pixiv 10956015)
1213,mizumizuni
1214,muk (monsieur)
1215,opossumachine
1216,fuumi (radial engine)
1217,sayori (neko works)
1218,ichihisa
1219,ririko (zhuoyandesailaer)
1220,olchas
1221,zedoraart
1222,ito junji
1223,shuz (dodidu)
1224,yuko shimizu
1225,kinty
1226,kinako (shiratama mochi)
1227,bae.c
1228,3j dangan
1229,mr h.l.
1230,rekaerb maerd
1231,zhao 190
1232,xiongshouji
1233,bodhi wushushenghua
1234,otokoe
1235,yotsuyu
1236,lino chang
1237,o'cal education
1238,kezime
1239,mayuri kaichou
1240,zhudouzi
1241,r1zen
1242,aioi u
1243,yakousei a
1244,hitobashira (1746164306)
1245,kanechi
1246,furisuku
1247,arrow (tamawo222)
1248,sutochan
1249,sgt-jz
1250,rasusurasu
1251,moyori
1252,ikezaki misa
1253,bubu2kufo
1254,ruoganzhao
1255,masami chie
1256,nahaki
1257,jwthor
1258,zutsuyaku
1259,nekoma hikaru
1260,aizenpochi
1261,taowu (20809)
1262,kyudong
1263,magotsuki (hurray)
1264,ichigoame
1265,tamak (tamaki599)
1266,torino
1267,varniskarnis
1268,youshuu
1269,zen33n
1270,zhen lu
1271,akazawa red
1272,amania orz
1273,ame usari
1274,ANMI
1275,apple caramel
1276,atahuta
1277,bartolomeobari
1278,berryverrine
1279,blender (medium)
1280,blvefo9
1281,criin
1282,cut (bu-kunn)
1283,derauea
1284,dk senie
1285,dore (gilles dore)
1286,eonsang
1287,error1980
1288,FKEY
1289,fumutarou
1290,gotou (nekocat)
1291,hamashima shigeo
1292,hanauna
1293,henriiku (ahemaru)
1294,hibari hina
1295,ilya kuvshinov
1296,inukai mofu
1297,iwbitu-sa
1298,jazz jack
1299,kanachirou
1300,"kanten,diisuke,raiden (raiden labo)"
1301,karakari
1302,karasu kame x
1303,krenz
1304,kuroblood
1305,kuroi suna
1306,kurot
1307,kurotsuki machi
1308,kusakabe (kusakabeworks)
1309,kyogoku shin
1310,LM7
1311,luminyu
1312,mappaninatta 00002 .png
1313,maximalism
1314,michking
1315,mion
1316,morifumi
1317,nam (nam990902)
1318,neocoill
1319,neps-l
1320,neropaso
1321,niliu chahui
1322,nironiro
1323,obui
1324,oni-noboru
1325,orushibu
1326,personal ami
1327,pija (pianiishimo)
1328,piukute062
1329,ribao
1330,ririko (fhnngririko)
1331,ruriri
1332,rustle
1333,sanuki (kyoudashya)
1334,satou daiji
1335,shien (tatunokoshien00)
1336,shimazu tekkou
1337,shinozuka atsuto
1338,silly (marinkomoe)
1339,sora72iro
1340,squchan
1341,starshadowmagic
1342,SWAV
1343,swd3e2
1344,sydus
1345,takaharu
1346,tamada heijun
1347,throtem
1348,38
1349,7010
